Site,Area,Transect,Plot,Subplot,Date,Species,ht1,ht2,ht3,ht4,ht5,ht6,ht7,ht8,ht9,ht10,X.inf1,X.infl2,X.inf3,X.inf4,X.inf5,X.inf6,X.inf7,X.inf8,X.inf9,X.inf10,inf_ht1,inf_ht2,inf_ht3,inf_ht4,inf_ht5,inf_ht6,inf_ht7,inf_ht8,inf_ht9,inf_ht10,inf_w1,inf_w2,inf_w3,inf_w4,inf_w5,inf_w6,inf_w7,inf_w8,inf_w9,inf_w10
Cowichan,Collins Field,1,1,A,5/30/2017,PLCO,19,24.5,27.5,21,27.5,19,,,,,1,1,1,1,1,1,,,,,1.5,1.2,1,1.2,2,1,,,,,1.6,1,1.3,1,1.5,1.5,,,,
Cowichan,Collins Field,1,1,A,5/30/2017,VALO,16.5,16,9,,,,,,,,2,2,2,,,,,,,,-,-,-,-,-,-,-,-,-,-,1,0.6,0.5,,,,,,,
Cowichan,Collins Field,1,1,B,5/30/2017,PLCO,26.5,23.5,14.5,17.5,23,17.5,,,,,1,1,1,1,1,1,,,,,1.2,1,0.4,0.7,1.2,1.2,,,,,1.3,1.2,0.4,1,1.5,1.4,,,,
Cowichan,Collins Field,1,1,B,5/30/2017,VALO,21.5,,,,,,,,,,4,,,,,,,,,,-,-,-,-,-,-,-,-,-,-,0.9,,,,,,,,,
Cowichan,Collins Field,1,2,A,5/30/2017,PLCO,31.5,43.9,31,36.5,26,25,32.4,51,50,27,1,3,1,1,1,1,1,3,1,1,1.4,2.5,1,1.5,1.1,1.2,1.9,2.9,3,1.3,1.4,2.1,1.3,2,1.3,1.5,2.1,2.5,2.8,1.5
Cowichan,Collins Field,1,2,A,5/30/2017,VALO,13,,,,,,,,,,2,,,,,,,,,,-,-,-,-,-,-,-,-,-,-,0.7,,,,,,,,,
Cowichan,Collins Field,1,2,B,5/30/2017,PLCO,52,31,29,40.5,32.5,19.2,29,24,35.8,32.2,3,3,1,1,1,1,1,1,1,1,2.1,1.1,1.4,3,1.3,1.2,1.2,1.8,1.9,1.2,1.8,1.6,1.5,2.3,2,1,1.3,1.5,1.4,2
Cowichan,Collins Field,1,2,B,5/30/2017,VALO,,,,,,,,,,,,,,,,,,,,,-,-,-,-,-,-,-,-,-,-,,,,,,,,,,
Cowichan,Collins Field,1,3,A,5/30/2017,PLCO,34,23.5,37,34,20,30.5,35.5,36,29.5,36,1,1,1,1,1,1,1,1,1,1,2.1,1.1,2.2,1.5,1.2,1.2,1.7,2.3,2,1.8,2,2.1,2.2,2.2,1.5,1.9,2.2,2.6,2.2,2.3
Cowichan,Collins Field,1,3,A,5/30/2017,VALO,21,10,13,6,10.5,4,11.5,,,,4,2,2,1,2,1,2,,,,-,-,-,-,-,-,-,-,-,-,0.7,0.3,0.6,0.4,0.6,0.3,0.6,,,
Cowichan,Collins Field,1,3,B,5/30/2017,PLCO,31.5,29,37,30.5,22.5,23,48,28,44.5,26.5,1,1,1,1,1,1,1,1,1,1,2.2,1.6,1.6,1.6,1.1,0.9,2.8,1.1,1.9,1.4,2.1,1.9,2.3,1.8,1.4,1.4,2.2,1.2,2.6,1.8
Cowichan,Collins Field,1,3,B,5/30/2017,VALO,,,,,,,,,,,,,,,,,,,,,-,-,-,-,-,-,-,-,-,-,,,,,,,,,,
Cowichan,Collins Field,2,1,A,5/30/2017,PLCO,20,21,21,18,19,27,25.5,25,,,1,1,1,1,1,1,1,,,,1.3,1.4,2.4,1.2,0.8,2.2,1.6,1.7,,,1.3,1.5,1.8,1,1.3,2,1.8,2,,
Cowichan,Collins Field,2,1,A,5/30/2017,VALO,12.5,9,9.5,8,,,,,,,2,2,1,1,,,,,,,-,-,-,-,-,-,-,-,-,-,0.8,0.7,0.6,0.3,,,,,,
Cowichan,Collins Field,2,1,B,5/30/2017,PLCO,20,23.5,23,22,19,11,16,,,,1,1,1,1,1,1,1,,,,1.2,1.7,1.7,1.6,1,0.5,0.6,,,,1.6,2,1.8,1.5,1.5,0.3,0.8,,,
Cowichan,Collins Field,2,1,B,5/30/2017,VALO,,,,,,,,,,,,,,,,,,,,,-,-,-,-,-,-,-,-,-,-,,,,,,,,,,
Cowichan,Collins Field,2,2,A,5/30/2017,PLCO,28.5,30,21.5,26.5,25.5,26,23,26.5,27.5,27,1,1,1,1,1,1,1,1,1,1,2,1.7,0.8,1.4,0.9,1.5,1.2,1.1,1.1,0.9,2.1,1.8,1.2,1.7,1.5,1.4,1.3,1.6,1.4,1.6
Cowichan,Collins Field,2,2,A,5/30/2017,VALO,10.5,,,,,,,,,,2,,,,,,,,,,-,-,-,-,-,-,-,-,-,-,0.5,,,,,,,,,
Cowichan,Collins Field,2,2,B,5/30/2017,PLCO,39.5,35,27,34,31,25.5,35.5,32.5,28,23,3,1,1,1,1,1,1,1,1,1,2,1.6,1.6,1.2,1.2,1.1,2,1.4,0.9,1.1,2.8,2,1.4,1.9,1.6,2,2.2,1.9,1.6,1.4
Cowichan,Collins Field,2,2,B,5/30/2017,VALO,,,,,,,,,,,,,,,,,,,,,-,-,-,-,-,-,-,-,-,-,,,,,,,,,,
Cowichan,Collins Field,2,3,A,5/30/2017,PLCO,30.5,20.5,24.5,17.5,29.5,29,24,29,22,21.5,1,1,1,1,1,1,1,1,1,1,1.8,1.1,1.2,0.6,2,1.2,1.3,1.3,1.2,1,2.3,1.2,1,1,2.2,1.4,1.8,1.9,1.3,1.2
Cowichan,Collins Field,2,3,A,5/30/2017,VALO,,,,,,,,,,,,,,,,,,,,,-,-,-,-,-,-,-,-,-,-,,,,,,,,,,
Cowichan,Collins Field,2,3,B,5/30/2017,PLCO,19,14,32,29,23,23.5,28,20,27.5,20.5,1,1,1,1,1,1,1,1,1,1,1.3,1.1,2.1,1.1,1.6,1.2,1.2,1.2,1.3,1.5,1.5,1.4,2.2,1.8,2,2,1.9,1.4,1.3,1.6
Cowichan,Collins Field,2,3,B,5/30/2017,VALO,11,,,,,,,,,,2,,,,,,,,,,-,-,-,-,-,-,-,-,-,-,0.4,,,,,,,,,
Cowichan,Collins Field,3,1,A,5/30/2017,PLCO,41.5,,,,,,,,,,4,,,,,,,,,,2,,,,,,,,,,2.2,,,,,,,,,
Cowichan,Collins Field,3,1,A,5/30/2017,VALO,22.5,12.5,11,19.4,17.2,15,27,4.5,11.5,12.5,8,2,2,4,4,2,12,1,4,2,-,-,-,-,-,-,-,-,-,-,0.8,1,0.6,0.9,0.8,0.7,1,0.5,0.7,0.8
Cowichan,Collins Field,3,1,B,5/30/2017,PLCO,34.5,20.8,13,16.5,,,,,,,3,1,1,1,,,,,,,2,1.2,1.5,2,,,,,,,1.8,1.2,1.7,2.1,,,,,,
Cowichan,Collins Field,3,1,B,5/30/2017,VALO,14.5,15.5,15.8,,,,,,,,2,4,4,,,,,,,,-,-,-,-,-,-,-,-,-,-,0.8,0.6,1.2,,,,,,,
Cowichan,Collins Field,3,2,A,5/30/2017,PLCO,27.5,13,22.5,22.5,21.8,24.5,33.5,26,27.5,26,1,1,1,1,1,1,1,2,1,1,1.5,0.8,1.5,1,2.5,1.5,2,1.5,1.6,2.7,2,1.2,0.8,0.7,1.7,0.6,2.8,1.6,2,1
Cowichan,Collins Field,3,2,A,5/30/2017,VALO,13,8.5,11.5,,,,,,,,2,2,2,,,,,,,,-,-,-,-,-,-,-,-,-,-,0.8,0.5,0.6,,,,,,,
Cowichan,Collins Field,3,2,B,5/30/2017,PLCO,35,17,33,19.3,23.7,13.8,19.5,34.2,35,30.5,3,1,4,1,1,1,1,1,1,1,2.5,1.1,1.5,1.2,2.6,1,1,2.8,2.3,1.9,2.3,0.5,1,0.4,0.6,1.5,1.3,1,1.7,2.2
Cowichan,Collins Field,3,2,B,5/30/2017,VALO,13.1,8.6,,,,,,,,,2,1,,,,,,,,,-,-,-,-,-,-,-,-,-,-,0.9,0.7,,,,,,,,
Cowichan,Collins Field,3,3,A,5/30/2017,PLCO,24,25,24,13,25.5,38.5,34,33.5,38.5,25,1,1,1,1,1,3,1,4,1,1,1.2,2.4,1.2,0.6,1.5,2.2,1.9,1.4,5.5,1,1.9,1.9,1.4,1,2,2.2,2.3,2.2,2,1
Cowichan,Collins Field,3,3,A,5/30/2017,VALO,11.5,12.5,9.5,,,,,,,,2,2,2,,,,,,,,-,-,-,-,-,-,-,-,-,-,0.6,0.4,0.5,,,,,,,
Cowichan,Collins Field,3,3,B,5/30/2017,PLCO,29,14.5,34.5,30,35,27,25,33,26.5,28,1,1,1,1,2,1,1,1,1,1,1.1,0.8,2,0.9,3.2,0.9,1.2,2.6,1,1.3,2.2,1.2,2.1,2.3,2.2,1.8,1.6,2.4,2.2,1.9
Cowichan,Collins Field,3,3,B,5/30/2017,VALO,,,,,,,,,,,,,,,,,,,,,-,-,-,-,-,-,-,-,-,-,,,,,,,,,,
Cowichan,Collins Field,4,1,A,5/30/2017,PLCO,43,18,42,33.5,30.5,27.5,23.5,21,21.5,14,5,1,1,1,1,1,1,1,1,1,2.2,1,2.2,3.2,2,1.2,1.1,2.5,1.9,1.2,2.8,1.4,1.9,2.2,2.1,1.5,1.5,1.5,1.6,1.1
Cowichan,Collins Field,4,1,A,5/30/2017,VALO,15,,,,,,,,,,1,,,,,,,,,,-,-,-,-,-,-,-,-,-,-,0.7,,,,,,,,,
Cowichan,Collins Field,4,1,B,5/30/2018,PLCO,32,,,,,,,,,,1,,,,,,,,,,1.1,,,,,,,,,,2,,,,,,,,,
Cowichan,Collins Field,4,1,B,5/30/2018,VALO,20,12,9.5,11.5,,,,,,,2,1,1,1,,,,,,,-,-,-,-,-,-,-,-,-,-,1.2,0.8,0.5,0.6,,,,,,
Cowichan,Collins Field,4,2,A,5/30/2017,PLCO,36,25.5,29,25,29,41.5,29.5,28.5,26.5,28.5,1,1,1,1,1,1,1,1,1,1,2,1.2,1.2,1.7,1.8,3.6,1,0.8,1.9,2,2.2,1.6,1.5,1.4,2.2,2.5,1.2,1.1,1.4,1.7
Cowichan,Collins Field,4,2,A,5/30/2017,VALO,9.5,,,,,,,,,,1,,,,,,,,,,-,-,-,-,-,-,-,-,-,-,0.7,,,,,,,,,
Cowichan,Collins Field,4,2,B,5/30/2017,PLCO,44,34,41.5,46.5,34.5,33.5,35.5,34.5,30.5,39.5,4,4,1,5,1,1,1,1,1,1,5.2,1.6,3.5,2.9,2.5,2.2,2.1,1.8,2.7,2.7,3.2,2.1,2.5,2.7,2.4,2.1,2,2.1,2.4,2.4
Cowichan,Collins Field,4,2,B,5/30/2017,VALO,23.5,17,25,,,,,,,,4,2,2,,,,,,,,-,-,-,-,-,-,-,-,-,-,1,1.1,1,,,,,,,
Cowichan,Collins Field,4,3,A,5/30/2017,PLCO,32.5,36.5,34.5,38.5,18,30.5,31.5,21.5,21,18,1,1,1,1,1,1,1,1,1,1,2.7,2.8,1.2,2.6,1,1.4,1.4,0.7,1.2,0.8,2.1,2.3,2.6,1.8,1.2,1.6,2,1,1.2,0.9
Cowichan,Collins Field,4,3,A,5/30/2017,VALO,,,,,,,,,,,,,,,,,,,,,-,-,-,-,-,-,-,-,-,-,,,,,,,,,,
Cowichan,Collins Field,4,3,B,5/30/2017,PLCO,35,34.5,23.5,22,34,36,34,43,28,25,1,1,1,1,1,2,1,1,1,1,2.2,1.5,0.8,1.2,2.2,2,2,2.8,1.2,2.2,1.9,1.4,1.1,1,1.8,2.6,2,3,1.4,1.7
Cowichan,Collins Field,4,3,B,5/30/2017,VALO,12.5,25.5,25,,,,,,,,1,8,4,,,,,,,,-,-,-,-,-,-,-,-,-,-,0.7,0.9,1,,,,,,,
Cowichan,Drought Shelter Field,1,1,A,5/23/2017,PLCO,31.5,20.5,32,34.5,18.5,33,24,37.5,22,40,1,2,1,3,1,1,1,3,1,1,1.9,1.5,2.4,3.2,0.9,1.5,1.6,1.9,1,1.9,1.9,1.9,2.2,2.8,1.2,2.2,1.8,2.7,1.6,2.8
Cowichan,Drought Shelter Field,1,1,A,5/23/2017,VALO,,,,,,,,,,,,,,,,,,,,,-,-,-,-,-,-,-,-,-,-,,,,,,,,,,
Cowichan,Drought Shelter Field,1,1,B,5/25/2017,PLCO,15.2,16,18,6.5,,,,,,,1,1,1,1,,,,,,,0.6,1,1,0.4,,,,,,,0.6,0.9,0.6,0.5,,,,,,
Cowichan,Drought Shelter Field,1,1,B,5/25/2017,VALO,,,,,,,,,,,,,,,,,,,,,-,-,-,-,-,-,-,-,-,-,,,,,,,,,,
Cowichan,Drought Shelter Field,1,2,A,5/23/2017,PLCO,15,27,17,29,15,29,19.5,27,19,37,1,1,1,1,1,1,1,1,1,1,0.9,1.6,0.7,1.7,1.4,1.4,1.4,1.3,1.1,2,1.2,1.5,1.2,2.2,1.6,2.2,1.7,1.7,1.6,2.2
Cowichan,Drought Shelter Field,1,2,A,5/23/2017,VALO,,,,,,,,,,,,,,,,,,,,,-,-,-,-,-,-,-,-,-,-,,,,,,,,,,
Cowichan,Drought Shelter Field,1,2,B,5/25/2017,PLCO,35.5,18,22,26,27,22,37,20,32.5,22,1,1,1,1,1,1,1,1,1,1,2,1,0.8,1.5,2,1.4,1.8,1.2,2.3,1.4,2.3,1.5,0.9,1.8,1.9,2,2.3,1.5,1.4,1.9
Cowichan,Drought Shelter Field,1,2,B,5/25/2017,VALO,,,,,,,,,,,,,,,,,,,,,-,-,-,-,-,-,-,-,-,-,,,,,,,,,,
Cowichan,Drought Shelter Field,1,3,A,5/23/2017,PLCO,22.5,32,16,26,29.5,18,10,28,31,32.5,1,1,1,1,1,1,1,1,1,1,1,1.5,0.7,1.1,1.5,0.9,0.8,1.5,1.7,1.4,1.6,1.6,0.7,1.5,1.9,1.6,0.8,2,2.2,2
Cowichan,Drought Shelter Field,1,3,A,5/23/2017,VALO,,,,,,,,,,,,,,,,,,,,,-,-,-,-,-,-,-,-,-,-,,,,,,,,,,
Cowichan,Drought Shelter Field,1,3,B,5/25/2017,PLCO,27,27,23.5,18.5,17.5,18,21,22,15,12,1,1,1,1,1,1,1,1,1,1,1.7,1.4,1.2,1,1,0.8,1.3,1,1,1,2.2,1.5,1.4,1.3,1.4,1.2,1.5,1.5,1.2,1
Cowichan,Drought Shelter Field,1,3,B,5/25/2017,VALO,,,,,,,,,,,,,,,,,,,,,-,-,-,-,-,-,-,-,-,-,,,,,,,,,,
Cowichan,Drought Shelter Field,2,1,A,5/23/2017,PLCO,31,17.5,18,44.5,36,33,30,331.5,20.5,,1,1,1,1,1,1,1,1,1,,1.2,0.7,0.9,1.5,1.6,1.7,1.7,1.6,0.9,,2.1,1.2,0.9,2.7,2.2,2.1,2.3,1.9,0.9,
Cowichan,Drought Shelter Field,2,1,A,5/23/2017,VALO,6,,,,,,,,,,1,,,,,,,,,,-,-,-,-,-,-,-,-,-,-,0.3,,,,,,,,,
Cowichan,Drought Shelter Field,2,1,B,5/25/2017,PLCO,12,,,,,,,,,,1,,,,,,,,,,0.9,,,,,,,,,,1.2,,,,,,,,,
Cowichan,Drought Shelter Field,2,1,B,5/25/2017,VALO,2,12,9,6.5,,,,,,,1,2,2,1,,,,,,,-,-,-,-,-,-,-,-,-,-,0.2,0.7,0.5,0.4,,,,,,
Cowichan,Drought Shelter Field,2,2,A,5/23/2017,PLCO,26.5,15.5,29.5,10.5,23.5,29.5,32.5,28.5,29.5,19.5,2,1,1,1,1,1,2,1,1,1,1.6,0.6,2.5,0.9,1.5,1.5,1.6,0.2,2.1,1.4,2.2,0.4,2.2,1.4,2,2.1,2.4,2.1,2.3,1.9
Cowichan,Drought Shelter Field,2,2,A,5/23/2017,VALO,8,,,,,,,,,,2,,,,,,,,,,-,-,-,-,-,-,-,-,-,-,0.4,,,,,,,,,
Cowichan,Drought Shelter Field,2,2,B,5/25/2017,PLCO,18,18,25,25.5,25,18.5,31,21.5,19,16,1,1,2,1,2,1,1,1,1,1,1.5,1.3,1.8,2.5,2,1.5,1.5,1.8,1.8,1.2,2,2,2,2,2,1.8,2,1.9,2,1.5
Cowichan,Drought Shelter Field,2,2,B,5/25/2017,VALO,3,9.5,4,2.5,11,8.5,9.5,2.5,6.5,,1,2,1,1,2,2,2,1,2,,-,-,-,-,-,-,-,-,-,-,0.3,0.6,0.4,0.3,0.7,0.6,0.6,0.1,0.5,
Cowichan,Drought Shelter Field,2,3,A,5/23/2017,PLCO,26.5,18.5,43.5,22.5,19.5,20,25,40,14.5,12.5,5,1,5,1,1,1,1,3,1,1,2.4,1.6,5.7,1.6,1.3,1.3,1.6,3,0.9,0.9,2.4,2,2.7,2.2,2,1.8,2,2.5,1.1,1.3
Cowichan,Drought Shelter Field,2,3,A,5/23/2017,VALO,19.5,,,,,,,,,,4,,,,,,,,,,-,-,-,-,-,-,-,-,-,-,1,,,,,,,,,
Cowichan,Drought Shelter Field,2,3,B,5/25/2017,PLCO,23.5,27.5,22.5,15,28,23,21,24,28.5,18.5,1,1,1,1,1,1,1,1,2,1,1.9,1.8,1.8,1.5,2.2,2.2,2,1.7,1.6,1.4,2,2.2,2,1.5,2.2,2,1.9,1.9,2.1,1.7
Cowichan,Drought Shelter Field,2,3,B,5/25/2017,VALO,,,,,,,,,,,,,,,,,,,,,-,-,-,-,-,-,-,-,-,-,,,,,,,,,,
Cowichan,Drought Shelter Field,3,1,A,5/23/2017,PLCO,21,27,25,31.5,22.5,30.5,31.5,20,34,21,1,1,2,1,1,1,1,1,1,1,1.3,1.8,2.3,1.5,1.1,1.7,2,1.2,2.2,0.8,1.1,1.6,2.1,2.5,1.7,2.2,2.5,1.7,2.5,1.6
Cowichan,Drought Shelter Field,3,1,A,5/23/2017,VALO,15,9,13.5,13.5,14,9,15,14,19.5,,2,1,2,2,2,1,2,2,2,,-,-,-,-,-,-,-,-,-,-,0.7,0.5,0.7,0.9,1,0.6,0.7,0.6,0.8,
Cowichan,Drought Shelter Field,3,1,B,5/25/2017,PLCO,,,,,,,,,,,,,,,,,,,,,,,,,,,,,,,,,,,,,,,,
Cowichan,Drought Shelter Field,3,1,B,5/25/2017,VALO,19,12.5,21,13,15.5,22,28,24.5,19,20,4,2,4,2,4,4,8,6,4,4,-,-,-,-,-,-,-,-,-,-,0.8,0.5,0.9,0.6,0.7,1,0.8,1,0.7,0.9
Cowichan,Drought Shelter Field,3,2,A,5/23/2017,PLCO,34.5,26,17.5,21.5,26,25.5,11,23,22,11.5,2,1,1,1,1,1,1,2,1,1,2,1.8,1.7,1.5,2.4,2,1,2,2,1.8,2.3,2,2,2,2.5,2.5,1,2,2,1.6
Cowichan,Drought Shelter Field,3,2,A,5/23/2017,VALO,12,13,,,,,,,,,2,2,,,,,,,,,-,-,-,-,-,-,-,-,-,-,0.6,0.9,,,,,,,,
Cowichan,Drought Shelter Field,3,2,B,5/25/2017,PLCO,10.5,17.5,,,,,,,,,1,2,,,,,,,,,0.9,1.2,,,,,,,,,1,0.7,,,,,,,,
Cowichan,Drought Shelter Field,3,2,B,5/25/2017,VALO,,,,,,,,,,,,,,,,,,,,,-,-,-,-,-,-,-,-,-,-,,,,,,,,,,
Cowichan,Drought Shelter Field,3,3,A,5/24/2017,PLCO,25.5,3.5,23,11,43,21,27,40,46,27,1,4,1,1,5,1,1,1,4,1,1.8,1.6,2,0.8,1.5,1,2,2.5,1.8,1.9,2,2,2,1,2.3,1.5,1.7,2.7,3,2
Cowichan,Drought Shelter Field,3,3,A,5/24/2017,VALO,,,,,,,,,,,,,,,,,,,,,-,-,-,-,-,-,-,-,-,-,,,,,,,,,,
Cowichan,Drought Shelter Field,3,3,B,5/25/2017,PLCO,33,21,21,20.5,30,48,,,,,1,1,1,1,1,2,,,,,1.4,1.2,2.2,1,1.5,2.7,,,,,2.2,1.5,2,1.1,2,2.9,,,,
Cowichan,Drought Shelter Field,3,3,B,5/25/2017,VALO,16,,,,,,,,,,1,,,,,,,,,,-,-,-,-,-,-,-,-,-,-,0.8,,,,,,,,,
Cowichan,Drought Shelter Field,4,1,A,5/24/2017,PLCO,31,19,27,20.5,19,26.5,17,28.5,34,20.5,3,1,1,1,1,2,1,3,3,1,1.7,1.4,1.7,1.4,1.2,1.6,1.4,1.9,3.8,1.4,2.2,1.9,2.5,2.1,2,2.2,1.9,2.4,3,2.8
Cowichan,Drought Shelter Field,4,1,A,5/24/2017,VALO,8.5,10,6,8,9,21,6.5,6,10.5,14,2,2,1,2,2,4,2,1,2,4,-,-,-,-,-,-,-,-,-,-,0.6,0.9,0.4,0.6,0.6,1.2,0.5,0.6,0.9,0.8
Cowichan,Drought Shelter Field,4,1,B,5/25/2017,PLCO,26,15,11,10,16.5,11,12,17.5,8,9.5,2,1,1,1,1,1,1,1,1,1,1.6,1.1,1,0.9,1.1,0.7,1.1,1.6,1.2,1.1,2.3,1.5,1.5,1.1,1.6,1.7,2,2,1.7,1.5
Cowichan,Drought Shelter Field,4,1,B,5/25/2017,VALO,20,5.5,3,6,,,,,,,6,2,1,2,,,,,,,-,-,-,-,-,-,-,-,-,-,0.8,0.5,0.3,0.5,,,,,,
Cowichan,Drought Shelter Field,4,2,A,5/24/2017,PLCO,28,17,10.5,13.5,21.5,34,22.5,17,14,26,1,1,1,1,1,1,1,1,1,1,1.7,1.1,1,1.2,1.7,2.5,2.2,2,1.2,2,2.7,2.2,1.1,1.6,2.2,2.6,2.1,1.7,1.3,2.4
Cowichan,Drought Shelter Field,4,2,A,5/24/2017,VALO,10.5,,,,,,,,,,2,,,,,,,,,,-,-,-,-,-,-,-,-,-,-,0.7,,,,,,,,,
Cowichan,Drought Shelter Field,4,2,B,5/25/2017,PLCO,15,18,,,,,,,,,1,1,,,,,,,,,0.9,1.1,,,,,,,,,1.1,1.6,,,,,,,,
Cowichan,Drought Shelter Field,4,2,B,5/25/2017,VALO,15,16,14,14,19.5,19.5,17.5,22,16,12.5,2,4,2,4,4,6,4,6,4,4,-,-,-,-,-,-,-,-,-,-,1.2,0.7,1,0.9,1.2,1.4,1.2,1.1,0.9,1
Cowichan,Drought Shelter Field,4,3,A,5/24/2017,PLCO,20,25,28.5,23.5,16.5,24,22,24,33,28,1,1,1,1,1,1,1,1,1,1,2.8,1.5,1.3,1.5,0.9,1.5,1.4,1.5,1.9,1.5,1.7,2.2,2,2,1.5,2.2,2.2,2,2.3,2
Cowichan,Drought Shelter Field,4,3,A,5/24/2017,VALO,5,14.5,10,14,6,9.5,16,8,,,1,2,2,4,1,2,2,2,,,-,-,-,-,-,-,-,-,-,-,0.7,1,1,0.9,0.6,0.6,1.1,0.4,,
Cowichan,Drought Shelter Field,4,3,B,5/25/2017,PLCO,22,13.5,13.5,8.5,21,20.5,16.5,12.5,,,1,1,1,1,1,1,1,1,,,1.6,0.9,1,1.3,1.1,1.2,1.4,1,,,1.8,1,1,1.1,1.7,2,1.6,1.1,,
Cowichan,Drought Shelter Field,4,3,B,5/25/2017,VALO,15,4.5,9,10,17.5,13,,,,,6,1,2,2,4,2,,,,,-,-,-,-,-,-,-,-,-,-,0.8,0.3,0.7,0.7,1.1,1,,,,
Cowichan,Drought Shelter Field,5,1,A,5/31/2017,PLCO,,,,,,,,,,,,,,,,,,,,,,,,,,,,,,,,,,,,,,,,
Cowichan,Drought Shelter Field,5,1,A,5/31/2017,VALO,18.5,23,16.5,18.5,30.5,25,22,24.5,19,21,4,6,2,4,16,16,8,8,4,4,-,-,-,-,-,-,-,-,-,-,1.2,1.2,0.9,1,1.4,1.2,1.2,1.2,1.1,1.3
Cowichan,Drought Shelter Field,5,1,B,5/31/2017,PLCO,,,,,,,,,,,,,,,,,,,,,,,,,,,,,,,,,,,,,,,,
Cowichan,Drought Shelter Field,5,1,B,5/31/2017,VALO,18.5,20,17,23.5,18.5,23,25.5,14,17,,8,8,4,10,4,6,8,2,4,,-,-,-,-,-,-,-,-,-,-,0.9,1,0.9,1.1,1,1.4,1.4,0.9,1.1,
Cowichan,Drought Shelter Field,5,2,A,5/31/2017,PLCO,,,,,,,,,,,,,,,,,,,,,,,,,,,,,,,,,,,,,,,,
Cowichan,Drought Shelter Field,5,2,A,5/31/2017,VALO,12,23.5,15,10,,,,,,,2,6,6,2,,,,,,,-,-,-,-,-,-,-,-,-,-,0.9,1.6,0.9,0.9,,,,,,
Cowichan,Drought Shelter Field,5,2,B,5/31/2017,PLCO,,,,,,,,,,,,,,,,,,,,,,,,,,,,,,,,,,,,,,,,
Cowichan,Drought Shelter Field,5,2,B,5/31/2017,VALO,30,8,27,25,20,18,9.5,,,,24,2,8,8,8,4,2,,,,-,-,-,-,-,-,-,-,-,-,1.7,0.7,1.3,1.4,1.2,1.1,0.9,,,
Cowichan,Drought Shelter Field,5,3,A,5/31/2017,PLCO,,,,,,,,,,,,,,,,,,,,,,,,,,,,,,,,,,,,,,,,
Cowichan,Drought Shelter Field,5,3,A,5/31/2017,VALO,,,,,,,,,,,,,,,,,,,,,-,-,-,-,-,-,-,-,-,-,,,,,,,,,,
Cowichan,Drought Shelter Field,5,3,B,5/31/2017,PLCO,,,,,,,,,,,,,,,,,,,,,,,,,,,,,,,,,,,,,,,,
Cowichan,Drought Shelter Field,5,3,B,5/31/2017,VALO,,,,,,,,,,,,,,,,,,,,,-,-,-,-,-,-,-,-,-,-,,,,,,,,,,
Cowichan,Drought Shelter Field,6,1,A,5/31/2017,PLCO,,,,,,,,,,,,,,,,,,,,,,,,,,,,,,,,,,,,,,,,
Cowichan,Drought Shelter Field,6,1,A,5/31/2017,VALO,19,20,26.7,15.5,15.5,15.6,19.9,15.7,11.2,9.6,2,2,4,4,2,1,2,4,2,1,-,-,-,-,-,-,-,-,-,-,0.8,0.9,1,0.6,0.5,0.5,0.8,0.9,0.4,0.4
Cowichan,Drought Shelter Field,6,1,B,5/31/2017,PLCO,,,,,,,,,,,,,,,,,,,,,,,,,,,,,,,,,,,,,,,,
Cowichan,Drought Shelter Field,6,1,B,5/31/2017,VALO,21.6,17,11,,,,,,,,8,8,2,,,,,,,,-,-,-,-,-,-,-,-,-,-,1,1,0.7,,,,,,,
Cowichan,Drought Shelter Field,6,2,A,5/31/2017,PLCO,,,,,,,,,,,,,,,,,,,,,,,,,,,,,,,,,,,,,,,,
Cowichan,Drought Shelter Field,6,2,A,5/31/2017,VALO,22.4,,,,,,,,,,4,,,,,,,,,,-,-,-,-,-,-,-,-,-,-,1.3,,,,,,,,,
Cowichan,Drought Shelter Field,6,2,B,5/31/2017,PLCO,,,,,,,,,,,,,,,,,,,,,,,,,,,,,,,,,,,,,,,,
Cowichan,Drought Shelter Field,6,2,B,5/31/2017,VALO,,,,,,,,,,,,,,,,,,,,,-,-,-,-,-,-,-,-,-,-,,,,,,,,,,
Cowichan,Drought Shelter Field,6,3,A,5/31/2017,PLCO,38.4,48,12.5,29.4,35.4,39,29.5,,,,4,5,1,1,1,1,1,,,,2,2,0.5,1,1.5,1.4,1.4,,,,2.2,2.6,0.4,1.2,2.1,2.2,2.3,,,
Cowichan,Drought Shelter Field,6,3,A,5/31/2017,VALO,,,,,,,,,,,,,,,,,,,,,-,-,-,-,-,-,-,-,-,-,,,,,,,,,,
Cowichan,Drought Shelter Field,6,3,B,5/31/2017,PLCO,20,27,32.2,42,47.5,23,28,20,32.5,18,1,1,1,3,5,1,1,1,1,1,1,1.4,2,2.6,2.4,1.2,1.2,1.2,2.1,1.5,1.2,1.5,2.3,2.4,3,1.7,1.6,1,2.3,1.4
Cowichan,Drought Shelter Field,6,3,B,5/31/2017,VALO,,,,,,,,,,,,,,,,,,,,,-,-,-,-,-,-,-,-,-,-,,,,,,,,,,
Cowichan,Drought Shelter Field,7,1,A,5/31/2017,PLCO,,,,,,,,,,,,,,,,,,,,,,,,,,,,,,,,,,,,,,,,
Cowichan,Drought Shelter Field,7,1,A,5/31/2017,VALO,18.5,14.5,18.5,9.5,10,18.5,18.5,20.5,18.5,18,8,4,2,2,2,2,4,8,4,8,-,-,-,-,-,-,-,-,-,-,0.9,0.7,0.9,0.6,0.7,0.9,1,0.9,1,1.1
Cowichan,Drought Shelter Field,7,1,B,5/31/2017,PLCO,,,,,,,,,,,,,,,,,,,,,,,,,,,,,,,,,,,,,,,,
Cowichan,Drought Shelter Field,7,1,B,5/31/2017,VALO,20,18,18.5,22,21,16,25,22.5,16.5,16,8,4,8,4,4,1,8,8,8,4,-,-,-,-,-,-,-,-,-,-,1.1,1.1,0.9,0.9,1,0.9,1.2,1.2,0.9,1.1
Cowichan,Drought Shelter Field,7,2,A,5/31/2017,PLCO,,,,,,,,,,,,,,,,,,,,,,,,,,,,,,,,,,,,,,,,
Cowichan,Drought Shelter Field,7,2,A,5/31/2017,VALO,15,15,16.5,17,19,24,19,19.5,20.5,17,4,4,4,4,4,8,4,4,4,4,-,-,-,-,-,-,-,-,-,-,0.7,0.7,0.7,0.9,0.9,1,0.9,0.9,1,0.9
Cowichan,Drought Shelter Field,7,2,B,5/31/2017,PLCO,,,,,,,,,,,,,,,,,,,,,,,,,,,,,,,,,,,,,,,,
Cowichan,Drought Shelter Field,7,2,B,5/31/2017,VALO,27,26,18,14.5,22,26,21.5,21.5,22,17,8,4,4,4,8,8,4,8,4,2,-,-,-,-,-,-,-,-,-,-,1,1.2,1,0.9,0.9,1.2,1.5,1.2,1.1,1
Cowichan,Drought Shelter Field,7,3,A,5/31/2017,PLCO,,,,,,,,,,,,,,,,,,,,,,,,,,,,,,,,,,,,,,,,
Cowichan,Drought Shelter Field,7,3,A,5/31/2017,VALO,18,22,13.5,19,18.5,19,21,22,16.5,19.5,4,4,2,4,2,4,4,8,4,4,-,-,-,-,-,-,-,-,-,-,0.9,1.1,1.1,1.1,1.1,1.1,1.2,1.1,0.9,0.9
Cowichan,Drought Shelter Field,7,3,B,5/31/2017,PLCO,,,,,,,,,,,,,,,,,,,,,,,,,,,,,,,,,,,,,,,,
Cowichan,Drought Shelter Field,7,3,B,5/31/2017,VALO,16,16.5,15.5,15,14.5,12,,,,,4,8,2,4,2,2,,,,,-,-,-,-,-,-,-,-,-,-,0.9,0.7,0.9,0.8,0.6,0.7,,,,
Cowichan,Roadside,1,1,A,5/24/2017,PLCO,18,19.5,14.5,21.5,23,23.5,20,17,18.5,25,1,1,1,1,1,1,1,1,1,1,0.7,0.7,0.5,1.1,1,1,1.4,0.7,0.8,1.4,1.5,1.8,0.8,1,2,1.1,1.8,1.2,1.2,1
Cowichan,Roadside,1,1,A,5/24/2017,VALO,,,,,,,,,,,,,,,,,,,,,-,-,-,-,-,-,-,-,-,-,,,,,,,,,,
Cowichan,Roadside,1,1,B,5/24/2017,PLCO,20,11.5,20,12.5,12.5,6.5,17,3.5,14,16.5,1,1,1,1,1,1,1,1,1,1,0.9,0.9,1.2,0.9,0.3,0.2,1,0.1,0.6,0.5,1.4,1.5,1.5,1.5,0.4,0.2,1.2,0.1,0.9,0.8
Cowichan,Roadside,1,1,B,5/24/2017,VALO,,,,,,,,,,,,,,,,,,,,,-,-,-,-,-,-,-,-,-,-,,,,,,,,,,
Cowichan,Roadside,1,2,A,5/24/2017,PLCO,20,23,20.5,22.5,25.5,18.5,22.5,15,14,14.5,1,1,1,1,1,1,1,1,1,1,1,1.4,0.9,1.4,1.6,1,1.4,1.2,0.7,0.4,1.6,2.2,1.7,1.9,2.2,1.2,1.8,1.6,1.1,0.7
Cowichan,Roadside,1,2,A,5/24/2017,VALO,,,,,,,,,,,,,,,,,,,,,-,-,-,-,-,-,-,-,-,-,,,,,,,,,,
Cowichan,Roadside,1,2,B,5/24/2017,PLCO,17,16,15,14,17,25.5,20,8.5,5,16,1,1,1,1,1,1,1,1,1,2,1.2,1,0.7,0.6,0.9,1.5,1.7,0.2,0.1,0.4,2,1.7,0.6,1.2,1.3,2,2,0.2,0.1,0.5
Cowichan,Roadside,1,2,B,5/24/2017,VALO,,,,,,,,,,,,,,,,,,,,,-,-,-,-,-,-,-,-,-,-,,,,,,,,,,
Cowichan,Roadside,1,3,A,5/24/2017,PLCO,17.5,26,16,31.5,30,22.5,21.5,24.5,21.5,25.5,1,1,1,1,1,1,1,1,1,1,1.1,0.8,0.9,1.3,1.1,1.2,1,1.1,1,1.5,1.5,1.8,1.5,1.9,1.6,1.9,1.5,1.8,1.6,1.9
Cowichan,Roadside,1,3,A,5/24/2017,VALO,,,,,,,,,,,,,,,,,,,,,-,-,-,-,-,-,-,-,-,-,,,,,,,,,,
Cowichan,Roadside,1,3,B,5/24/2017,PLCO,11,21.5,24,21,14,32,16,15,13.5,13,1,1,1,1,1,1,1,1,1,1,0.8,0.5,1.7,1.1,1,2,1,1,1.2,0.8,0.6,0.1,2,1.5,7,2.5,1.5,1.5,1.5,1.4
Cowichan,Roadside,1,3,B,5/24/2017,VALO,,,,,,,,,,,,,,,,,,,,,-,-,-,-,-,-,-,-,-,-,,,,,,,,,,
Cowichan,Roadside,2,1,A,5/24/2017,PLCO,,,,,,,,,,,,,,,,,,,,,,,,,,,,,,,,,,,,,,,,
Cowichan,Roadside,2,1,A,5/24/2017,VALO,5,11.5,11,12,9,12.5,18,12,17.5,16.5,1,2,2,2,2,2,2,2,2,2,-,-,-,-,-,-,-,-,-,-,0.3,0.9,0.6,0.7,0.4,0.7,1.1,0.6,1,0.7
Cowichan,Roadside,2,1,B,5/24/2017,PLCO,,,,,,,,,,,,,,,,,,,,,,,,,,,,,,,,,,,,,,,,
Cowichan,Roadside,2,1,B,5/24/2017,VALO,10.5,5,7.5,10.5,12.5,9,5.5,8.5,4,5.5,2,1,2,2,2,2,2,2,1,2,-,-,-,-,-,-,-,-,-,-,0.5,0.1,0.5,0.6,0.5,0.5,0.4,0.6,0.3,0.7
Cowichan,Roadside,2,2,A,5/24/2017,PLCO,26.5,11,7,10,12,16,14.5,22.5,12,19,1,1,1,1,1,1,1,1,1,1,1.1,0.5,0.1,0.7,1.1,0.7,0.9,0.9,0.8,1.2,2,0.3,0.1,1,1.4,1.2,1.3,1.3,0.9,1.5
Cowichan,Roadside,2,2,A,5/24/2017,VALO,8,11,10,13,5.5,,,,,,1,1,1,2,1,,,,,,-,-,-,-,-,-,-,-,-,-,0.5,0.5,0.6,0.6,0.3,,,,,
Cowichan,Roadside,2,2,B,5/24/2017,PLCO,14.5,9.5,8,20,,,,,,,1,1,1,1,,,,,,,0.8,0.4,0.3,1,,,,,,,1,0.5,0.1,1.4,,,,,,
Cowichan,Roadside,2,2,B,5/24/2017,VALO,14,12,,,,,,,,,1,2,,,,,,,,,-,-,-,-,-,-,-,-,-,-,0.1,0.5,,,,,,,,
Cowichan,Roadside,2,3,A,5/24/2017,PLCO,24,19,24.5,14,14,22,28,31.5,24.5,29,1,1,1,1,1,1,1,1,1,1,0.9,1,1.2,1.1,0.9,1.5,1.5,1.9,1.2,1.1,1.7,1.5,1.6,1,1.2,1.5,2,2.4,2,2
Cowichan,Roadside,2,3,A,5/24/2017,VALO,7,,,,,,,,,,1,,,,,,,,,,-,-,-,-,-,-,-,-,-,-,0.6,,,,,,,,,
Cowichan,Roadside,2,3,B,5/24/2017,PLCO,19,24,17.5,20,10.5,17,14,19.5,15.5,25,1,1,1,1,1,1,1,1,1,1,1,1.5,1,1,0.7,0.8,0.8,1,1,1.3,1.9,1.8,1.5,1,0.8,0.4,0.8,1.7,1.3,1.6
Cowichan,Roadside,2,3,B,5/24/2017,VALO,,,,,,,,,,,,,,,,,,,,,-,-,-,-,-,-,-,-,-,-,,,,,,,,,,
Cowichan,Roadside,3,1,A,5/24/2017,PLCO,,,,,,,,,,,,,,,,,,,,,,,,,,,,,,,,,,,,,,,,
Cowichan,Roadside,3,1,A,5/24/2017,VALO,7.5,6,8,11,15.5,13,6.5,11.5,16,8.5,2,2,2,2,4,2,1,2,4,1,-,-,-,-,-,-,-,-,-,-,0.6,0.6,0.6,0.9,0.9,0.9,0.6,0.8,0.9,0.6
Cowichan,Roadside,3,1,B,5/24/2017,PLCO,,,,,,,,,,,,,,,,,,,,,,,,,,,,,,,,,,,,,,,,
Cowichan,Roadside,3,1,B,5/24/2017,VALO,6.5,5.5,6.7,4.3,4.2,8,6.8,,,,2,1,2,1,1,2,2,,,,-,-,-,-,-,-,-,-,-,-,0.4,0.4,0.3,0.3,0.1,0.5,0.3,,,
Cowichan,Roadside,3,2,A,5/24/2017,PLCO,,,,,,,,,,,,,,,,,,,,,,,,,,,,,,,,,,,,,,,,
Cowichan,Roadside,3,2,A,5/24/2017,VALO,11,10,5,15.5,11,4,12,12,12,6,2,2,2,2,2,1,2,2,2,1,-,-,-,-,-,-,-,-,-,-,0.6,0.7,0.4,1.2,0.6,0.2,0.9,0.7,0.7,0.5
Cowichan,Roadside,3,2,B,5/24/2017,PLCO,,,,,,,,,,,,,,,,,,,,,,,,,,,,,,,,,,,,,,,,
Cowichan,Roadside,3,2,B,5/24/2017,VALO,,,,,,,,,,,,,,,,,,,,,-,-,-,-,-,-,-,-,-,-,,,,,,,,,,
Cowichan,Roadside,3,3,A,5/24/2017,PLCO,,,,,,,,,,,,,,,,,,,,,,,,,,,,,,,,,,,,,,,,
Cowichan,Roadside,3,3,A,5/24/2017,VALO,5,,,,,,,,,,1,,,,,,,,,,-,-,-,-,-,-,-,-,-,-,0.4,,,,,,,,,
Cowichan,Roadside,3,3,B,5/24/2017,PLCO,,,,,,,,,,,,,,,,,,,,,,,,,,,,,,,,,,,,,,,,
Cowichan,Roadside,3,3,B,5/24/2017,VALO,,,,,,,,,,,,,,,,,,,,,-,-,-,-,-,-,-,-,-,-,,,,,,,,,,
Stony Hill,-,1,1,A,6/7/2017,PLCO,13,12.5,7.5,9.5,10.5,8,7,10.5,10,13,1,1,1,1,1,1,1,1,1,1,0.7,1.2,0.9,0.9,1.1,0.9,0.8,1.2,1.1,1.2,1.5,1.5,0.9,1..2,1.5,1.4,1.3,1.4,1.6,1.7
Stony Hill,-,1,1,A,6/7/2017,VALO,,,,,,,,,,,,,,,,,,,,,-,-,-,-,-,-,-,-,-,-,,,,,,,,,,
Stony Hill,-,1,1,B,6/7/2017,PLCO,19.5,17,11,12,21,10,13.5,17.5,14,16,1,1,1,1,3,1,1,1,1,1,2.4,1.5,1,1.3,2.2,1.2,1.3,1.5,1.3,1.5,2,2,1,1.7,1.9,1.5,1,2,1.6,2
Stony Hill,-,1,1,B,6/7/2017,VALO,,,,,,,,,,,,,,,,,,,,,-,-,-,-,-,-,-,-,-,-,,,,,,,,,,
Stony Hill,-,1,2,A,6/7/2017,PLCO,13,13,9.5,7,6,7.5,9,10.5,10,10,1,1,1,1,1,1,1,1,1,1,1.2,1.1,0.9,0.7,0.8,1.1,0.7,1.1,1.1,0.7,1.9,1.3,1.7,1.2,1.3,1.1,1.3,1.3,1.3,1.5
Stony Hill,-,1,2,A,6/7/2017,VALO,,,,,,,,,,,,,,,,,,,,,-,-,-,-,-,-,-,-,-,-,,,,,,,,,,
Stony Hill,-,1,2,B,6/7/2017,PLCO,9,10.5,8,11,14,8,11,9,8,10,1,1,1,1,1,1,1,1,1,1,1.2,1,1,1.5,1.5,1.5,1,1,1.1,1.1,1.3,1,1.3,1.5,1.9,1.2,1.1,0.8,1.3,1.5
Stony Hill,-,1,2,B,6/7/2017,VALO,,,,,,,,,,,,,,,,,,,,,-,-,-,-,-,-,-,-,-,-,,,,,,,,,,
Stony Hill,-,1,3,A,6/7/2017,PLCO,7,4.5,9,8.5,9,5.5,5,,,,1,1,1,1,1,1,1,,,,0.6,0.5,0.8,0.8,0.7,0.7,0.4,,,,1.2,0.9,1.1,1,0.9,1.1,0.6,,,
Stony Hill,-,1,3,A,6/7/2017,VALO,,,,,,,,,,,,,,,,,,,,,-,-,-,-,-,-,-,-,-,-,,,,,,,,,,
Stony Hill,-,1,3,B,6/7/2017,PLCO,18,9,10,9,12,9,12,10,9,6,1,1,1,1,1,1,1,1,1,1,1.6,1,0.9,0.8,1,1.2,1.5,1.4,1,0.8,1.8,1,1.1,1,1.3,1.2,1.4,1.1,1.3,0.9
Stony Hill,-,1,3,B,6/7/2017,VALO,,,,,,,,,,,,,,,,,,,,,-,-,-,-,-,-,-,-,-,-,,,,,,,,,,
Stony Hill,-,2,1,A,6/7/2017,PLCO,27,14.5,13,14,16,19.5,22,20,10,14,1,1,1,1,1,1,1,1,1,1,1.9,1,0.9,1.1,0.9,0.9,1.6,1.6,0.7,1.4,2.1,1.3,1.1,1.7,1.7,1.8,1.8,1.9,0.9,1.1
Stony Hill,-,2,1,A,6/7/2017,VALO,,,,,,,,,,,,,,,,,,,,,-,-,-,-,-,-,-,-,-,-,,,,,,,,,,
Stony Hill,-,2,1,B,6/7/2017,PLCO,12,7,10,9,13.5,11,10,7,8,6,1,1,1,1,1,1,1,1,1,1,1.2,1,1.2,1,1.5,1.2,1,1,1,0.6,1.3,1.4,1,1.5,1.4,1.5,1.1,1,1.2,0.5
Stony Hill,-,2,1,B,6/7/2017,VALO,,,,,,,,,,,,,,,,,,,,,-,-,-,-,-,-,-,-,-,-,,,,,,,,,,
Stony Hill,-,2,2,A,6/7/2017,PLCO,15,18,9,10.5,6.5,8.5,8.5,10.5,12.5,15,1,1,1,1,1,1,1,1,1,1,1.2,1.3,1,1,0.6,0.9,0.9,1,1.1,1.4,1.9,1.9,1.3,1.3,0.5,1,1.3,1.3,1.3,1.6
Stony Hill,-,2,2,A,6/7/2017,VALO,,,,,,,,,,,,,,,,,,,,,-,-,-,-,-,-,-,-,-,-,,,,,,,,,,
Stony Hill,-,2,2,B,6/7/2017,PLCO,12,16,6,14,21,11.5,6,10,5,11,1,1,1,1,1,1,1,1,1,1,1.2,2,0.8,1.5,2,1.5,1,1,1.2,1.2,1.3,1.5,1,2,2,1.5,1,1.5,1.3,1.5
Stony Hill,-,2,2,B,6/7/2017,VALO,,,,,,,,,,,,,,,,,,,,,-,-,-,-,-,-,-,-,-,-,,,,,,,,,,
Stony Hill,-,2,3,A,6/7/2017,PLCO,17,13,12.5,10,14,11,13.5,18,,,1,1,1,1,1,1,1,3,,,0.8,0.7,1,0.6,1.2,0.9,0.9,1.3,,,1.5,1.6,1.3,0.5,1.5,1.2,1.9,2.2,,
Stony Hill,-,2,3,A,6/7/2017,VALO,,,,,,,,,,,,,,,,,,,,,-,-,-,-,-,-,-,-,-,-,,,,,,,,,,
Stony Hill,-,2,3,B,6/7/2017,PLCO,,,,,,,,,,,,,,,,,,,,,,,,,,,,,,,,,,,,,,,,
Stony Hill,-,2,3,B,6/7/2017,VALO,,,,,,,,,,,,,,,,,,,,,-,-,-,-,-,-,-,-,-,-,,,,,,,,,,
Stony Hill,-,3,1,A,6/7/2017,PLCO,,,,,,,,,,,,,,,,,,,,,,,,,,,,,,,,,,,,,,,,
Stony Hill,-,3,1,A,6/7/2017,VALO,38,27,22.5,17.5,20.5,19.5,15,,,,18,4,4,2,4,4,2,,,,-,-,-,-,-,-,-,-,-,-,1.5,1.2,1.1,1,1.1,1.1,1,,,
Stony Hill,-,3,1,B,6/7/2017,PLCO,,,,,,,,,,,,,,,,,,,,,,,,,,,,,,,,,,,,,,,,
Stony Hill,-,3,1,B,6/7/2017,VALO,19,16,14,12.5,11,,,,,,4,2,2,2,2,,,,,,-,-,-,-,-,-,-,-,-,-,1.1,1.1,1.1,1,0.8,,,,,
Stony Hill,-,3,2,A,6/7/2017,PLCO,9,12,7,7,7,9,9,8,13,12,3,1,1,3,1,1,3,1,1,1,0.7,1.5,0.8,0.5,1.3,1,0.5,1.5,1.5,1.4,0.6,1.4,0.6,0.5,1.4,1,0.6,1.3,1.6,1.7
Stony Hill,-,3,2,A,6/7/2017,VALO,15.5,10.5,11.5,16,5,7.5,,,,,6,2,2,4,1,1,,,,,-,-,-,-,-,-,-,-,-,-,0.7,0.5,0.7,0.8,0.3,0.5,,,,
Stony Hill,-,3,2,B,6/7/2017,PLCO,8,11.5,11,10.5,11,11,7.5,11.5,13,11,1,1,1,1,1,1,1,1,1,1,1.1,1.2,1.3,1,1,1,0.8,1.3,1.3,1.2,0.8,1.8,1.3,1.4,1.3,1.4,1.2,1.8,1.7,1.4
Stony Hill,-,3,2,B,6/7/2017,VALO,9.5,,,,,,,,,,2,,,,,,,,,,-,-,-,-,-,-,-,-,-,-,0.7,,,,,,,,,
Stony Hill,-,3,3,A,6/7/2017,PLCO,11.5,9.5,10.5,11,8.5,9.5,11.5,7.5,13.5,12.5,1,1,1,1,1,1,1,1,1,1,1.4,0.6,0.7,0.7,0.9,1,1.4,0.6,1.3,1.4,1.4,0.8,1.6,1.2,1.4,1.1,1.6,1.2,1.7,1.6
Stony Hill,-,3,3,A,6/7/2017,VALO,,,,,,,,,,,,,,,,,,,,,-,-,-,-,-,-,-,-,-,-,,,,,,,,,,
Stony Hill,-,3,3,B,6/7/2017,PLCO,13,12,6.5,12.5,4,4.5,6,8,9,3.5,1,1,1,1,1,1,1,1,1,1,1.4,1.2,1,1.3,1,1.1,1.2,1,1.2,0.3,1.6,1.7,0.5,1.5,1,1.2,1.4,1.3,1.4,0.3
Stony Hill,-,3,3,B,6/7/2017,VALO,,,,,,,,,,,,,,,,,,,,,,,,,,,,,,,,,,,,,,,,
Stony Hill,-,4,1,A,6/7/2017,PLCO,,,,,,,,,,,,,,,,,,,,,,,,,,,,,,,,,,,,,,,,
Stony Hill,-,4,1,A,6/7/2017,VALO,17,6,10,15,9,10,15,6,4.5,10,8,2,2,2,4,4,8,2,2,4,-,-,-,-,-,-,-,-,-,-,1.1,0.6,0.7,1.1,0.7,0.8,1,0.7,0.5,0.9
Stony Hill,-,4,1,B,6/7/2017,PLCO,,,,,,,,,,,,,,,,,,,,,,,,,,,,,,,,,,,,,,,,
Stony Hill,-,4,1,B,6/7/2017,VALO,8,12,8.5,12,4.5,9,,,,,2,2,2,4,1,2,,,,,-,-,-,-,-,-,-,-,-,-,0.5,0.8,0.6,0.7,0.6,0.7,,,,
Stony Hill,-,4,2,A,6/7/2017,PLCO,5,,,,,,,,,,1,,,,,,,,,,1,,,,,,,,,,1.3,,,,,,,,,
Stony Hill,-,4,2,A,6/7/2017,VALO,16.5,14.5,11.5,22,15,5.5,8.5,5.5,21.5,26,2,4,2,4,2,1,4,1,4,5,-,-,-,-,-,-,-,-,-,-,0.6,0.6,0.7,1.2,1.1,0.7,0.5,0.6,1.1,1.2
Stony Hill,-,4,2,B,6/7/2017,PLCO,11,,,,,,,,,,4,,,,,,,,,,1.1,,,,,,,,,,1.5,,,,,,,,,
Stony Hill,-,4,2,B,6/7/2017,VALO,,,,,,,,,,,,,,,,,,,,,-,-,-,-,-,-,-,-,-,-,,,,,,,,,,
Stony Hill,-,4,3,A,6/7/2017,PLCO,,,,,,,,,,,,,,,,,,,,,,,,,,,,,,,,,,,,,,,,
Stony Hill,-,4,3,A,6/7/2017,VALO,,,,,,,,,,,,,,,,,,,,,-,-,-,-,-,-,-,-,-,-,,,,,,,,,,
Stony Hill,-,4,3,B,6/7/2017,PLCO,22.5,14,14,8,8.5,17,11,14,6.5,8,8,1,1,1,1,1,1,1,1,1,1.2,0.9,0.6,1.3,1.3,1,0.7,1,,,1.7,0.9,1,1.8,1.6,1.3,1.1,1.5,,
Stony Hill,-,4,3,B,6/7/2017,VALO,23,,,,,,,,,,2,,,,,,,,,,-,-,-,-,-,-,-,-,-,-,1.2,,,,,,,,,
Thetis,-,1,1,A,6/1/2017,PLCO,11.5,10,15,14.5,,,,,,,3,2,2,4,,,,,,,0.9,1,1.1,1.2,,,,,,,1.5,0.6,1.6,1.9,,,,,,
Thetis,-,1,1,A,6/1/2017,VALO,,,,,,,,,,,,,,,,,,,,,-,-,-,-,-,-,-,-,-,-,,,,,,,,,,
Thetis,-,1,1,B,6/1/2017,PLCO,12,8,13,9.5,10.5,11.5,,,,,2,1,2,1,2,2,,,,,0.7,0.6,1.1,0.6,0.7,1,,,,,1.2,0.6,1.7,0.4,1.2,0.9,,,,
Thetis,-,1,1,B,6/1/2017,VALO,,,,,,,,,,,,,,,,,,,,,-,-,-,-,-,-,-,-,-,-,,,,,,,,,,
Thetis,-,1,2,A,6/1/2017,PLCO,10,5,7,11,11,12,7.5,10,6,10,3,1,2,2,1,3,2,2,2,2,0.9,0.5,0.4,0.7,0.9,1.2,0.7,1.1,0.6,0.8,1.1,0.4,0.4,1.2,1.5,1.9,1,1.3,1,1
Thetis,-,1,2,A,6/1/2017,VALO,,,,,,,,,,,,,,,,,,,,,-,-,-,-,-,-,-,-,-,-,,,,,,,,,,
Thetis,-,1,2,B,6/1/2017,PLCO,7,9,11.5,8,10.5,9,6,8,9,12.5,3,2,2,2,2,2,1,2,2,4,0.7,0.6,0.9,0.6,0.9,1.1,0.6,0.9,1,1,0.7,1,1.1,0.7,1.2,0.9,0.5,1.1,1.1,1.3
Thetis,-,1,2,B,6/1/2017,VALO,,,,,,,,,,,,,,,,,,,,,-,-,-,-,-,-,-,-,-,-,,,,,,,,,,
Thetis,-,1,3,A,6/1/2017,PLCO,7,12.5,7.5,,,,,,,,2,7,1,,,,,,,,0.7,1.4,0.9,,,,,,,,0.7,1.6,1.4,,,,,,,
Thetis,-,1,3,A,6/1/2017,VALO,,,,,,,,,,,,,,,,,,,,,-,-,-,-,-,-,-,-,-,-,,,,,,,,,,
Thetis,-,1,3,B,6/1/2017,PLCO,9,11.5,14,,,,,,,,3,1,3,,,,,,,,1,1.6,1,,,,,,,,0.7,1.1,1.1,,,,,,,
Thetis,-,1,3,B,6/1/2017,VALO,,,,,,,,,,,,,,,,,,,,,-,-,-,-,-,-,-,-,-,-,,,,,,,,,,
Thetis,-,2,1,A,6/1/2017,PLCO,34,23,19.5,23.5,17,17,24,23.5,23,14,3,6,2,3,2,4,1,3,4,1,1.7,1.2,1.4,1.2,0.7,1.4,1.8,1.2,0.7,0.7,1.8,2.2,2.2,1.9,1.2,1.8,2,1.5,1,1
Thetis,-,2,1,A,6/1/2017,VALO,,,,,,,,,,,,,,,,,,,,,-,-,-,-,-,-,-,-,-,-,,,,,,,,,,
Thetis,-,2,1,B,6/1/2017,PLCO,43,27.5,21,33,22,28.5,47.5,49.5,35,21,10,3,5,3,1,5,9,6,9,1,2.1,1.5,1.3,1.6,1.4,1.5,2.5,1.2,1.4,0.6,2.3,2.1,1.7,2.2,1.6,2,2.6,1.9,23,0.9
Thetis,-,2,1,B,6/1/2017,VALO,,,,,,,,,,,,,,,,,,,,,-,-,-,-,-,-,-,-,-,-,,,,,,,,,,
Thetis,-,2,2,A,6/1/2017,PLCO,23,16.5,10.5,10.5,19,26,14,25,13,26,3,2,3,1,4,5,2,3,3,4,1.9,1.6,0.6,1.6,1,1.4,0.6,2,0.6,1.2,2.3,1.9,0.6,0.6,9,2,0.7,2.1,0.7,2.3
Thetis,-,2,2,A,6/1/2017,VALO,,,,,,,,,,,,,,,,,,,,,-,-,-,-,-,-,-,-,-,-,,,,,,,,,,
Thetis,-,2,2,B,6/1/2017,PLCO,22,10.5,9,10,13,9,9,,,,5,1,1,1,1,1,1,,,,1.4,0.7,0.9,0.6,0.7,0.3,0.9,,,,2,1.2,1.1,0.6,0.8,0.6,1.4,,,
Thetis,-,2,2,B,6/1/2017,VALO,,,,,,,,,,,,,,,,,,,,,-,-,-,-,-,-,-,-,-,-,,,,,,,,,,
Thetis,-,2,3,A,6/1/2017,PLCO,15.5,13.5,13,30,34.5,21,26.5,26,11.5,15,1,1,1,8,5,1,9,1,3,1,1.5,0.9,1.6,1.7,1.7,1.4,1.4,1.4,0.8,2.1,1.2,1.1,1.8,2.2,1.9,1.9,1.9,1.9,1.2,1.3
Thetis,-,2,3,A,6/1/2017,VALO,,,,,,,,,,,,,,,,,,,,,-,-,-,-,-,-,-,-,-,-,,,,,,,,,,
Thetis,-,2,3,B,6/1/2017,PLCO,14.5,18.5,17.5,,,,,,,,1,3,1,,,,,,,,1.7,0.9,1.3,,,,,,,,1.8,1.2,1.2,,,,,,,
Thetis,-,2,3,B,6/1/2017,VALO,,,,,,,,,,,,,,,,,,,,,-,-,-,-,-,-,-,-,-,-,,,,,,,,,,
Thetis,-,3,1,A,6/1/2017,PLCO,19,12.5,13,15,10.5,10,11.5,10.5,13,14,2,2,3,3,3,3,3,1,4,3,1.5,0.9,1.4,1.1,1,0.8,0.5,1,1.1,1,1.8,1,1.6,1.5,1,0.7,0.5,0.8,1.2,1.5
Thetis,-,3,1,A,6/1/2017,VALO,,,,,,,,,,,,,,,,,,,,,-,-,-,-,-,-,-,-,-,-,,,,,,,,,,
Thetis,-,3,1,B,6/1/2017,PLCO,13.5,7,8.5,13,13.5,9,12,16.5,16.5,11.5,2,1,1,1,1,1,2,2,2,1,1,0.5,1,0.8,1.5,1,1.2,1.4,1.1,1.1,1.6,0.8,1,1,1.4,1,1.2,1.3,1.3,1.4
Thetis,-,3,1,B,6/1/2017,VALO,,,,,,,,,,,,,,,,,,,,,-,-,-,-,-,-,-,-,-,-,,,,,,,,,,
Thetis,-,3,2,A,6/1/2017,PLCO,17,21,15,18,8.5,91,,,,,6,5,5,3,1,1,,,,,1.4,2,0.5,3,0.4,0.8,,,,,1.8,1.5,0.5,1.5,0.5,0.4,,,,
Thetis,-,3,2,A,6/1/2017,VALO,,,,,,,,,,,,,,,,,,,,,-,-,-,-,-,-,-,-,-,-,,,,,,,,,,
Thetis,-,3,2,B,6/1/2017,PLCO,10.5,,,,,,,,,,3,,,,,,,,,,0.9,,,,,,,,,,0.6,,,,,,,,,
Thetis,-,3,2,B,6/1/2017,VALO,,,,,,,,,,,,,,,,,,,,,-,-,-,-,-,-,-,-,-,-,,,,,,,,,,
Thetis,-,3,3,A,6/1/2017,PLCO,30.5,26,25,31,22,26,23,23,29,23,4,3,3,4,1,4,3,1,6,1,1.5,1.9,2.8,1.5,1.4,2,2,2.5,1.9,1.8,2.1,2.3,1.9,2,1.8,1.6,2,2,1.9,1.5
Thetis,-,3,3,A,6/1/2017,VALO,,,,,,,,,,,,,,,,,,,,,-,-,-,-,-,-,-,-,-,-,,,,,,,,,,
Thetis,-,3,3,B,6/1/2017,PLCO,21,21,10.5,13,13.5,22,10.5,,,,1,1,2,1,1,2,1,,,,1.8,1.9,0.4,1,1.4,2,0.9,,,,2,1.8,0.5,1.5,1.2,2,0.8,,,
Thetis,-,3,3,B,6/1/2017,VALO,,,,,,,,,,,,,,,,,,,,,-,-,-,-,-,-,-,-,-,-,,,,,,,,,,
Thetis,-,4,1,A,6/6/2017,PLCO,15.5,24,25,15,8.5,15,7.5,14.5,16,9,2,2,1,1,1,4,1,3,5,1,1.1,2,1.8,1.6,1.1,1.2,0.9,1.1,1.1,1.1,1.8,2.5,2.2,1.8,1.2,1.7,1.4,1.4,1.9,1.2
Thetis,-,4,1,A,6/6/2017,VALO,,,,,,,,,,,,,,,,,,,,,-,-,-,-,-,-,-,-,-,-,,,,,,,,,,
Thetis,-,4,1,B,6/6/2017,PLCO,17.5,15,13,13.5,15.5,18,17,17,14.5,13,2,1,1,1,1,1,2,1,1,1,1.1,1.2,1,1,1,1,1.1,1.2,1,1,1.6,1.8,1.5,1.6,1.2,1.7,1.7,1.5,1.6,1.3
Thetis,-,4,1,B,6/6/2017,VALO,,,,,,,,,,,,,,,,,,,,,-,-,-,-,-,-,-,-,-,-,,,,,,,,,,
Thetis,-,4,2,A,6/6/2017,PLCO,36,17,23,22.5,31,46,25,25,22,12,8,1,1,3,1,10,3,4,1,1,1.2,1.1,1.3,1.6,1.7,2.2,1.2,1.7,1.1,0.9,2.1,1.6,1.8,2.2,2.1,2.4,1.7,2.1,2,1.3
Thetis,-,4,2,A,6/6/2017,VALO,,,,,,,,,,,,,,,,,,,,,-,-,-,-,-,-,-,-,-,-,,,,,,,,,,
Thetis,-,4,2,B,6/6/2017,PLCO,15,20,7.5,26.5,19,22.5,15,13.5,24,14.5,1,1,2,4,4,5,1,2,3,3,1.5,1.8,0.6,2.2,1.2,1.6.,1,0.5,2.2,1,1.7,2,0.3,2,1.7,2.2,1.2,0.4,2.5,1.7
Thetis,-,4,2,B,6/6/2017,VALO,,,,,,,,,,,,,,,,,,,,,-,-,-,-,-,-,-,-,-,-,,,,,,,,,,
Thetis,-,4,3,A,6/6/2017,PLCO,20,9,29,6,24,19,15,13,21.5,15,3,1,2,1,3,2,3,1,2,4,1.4,1,1,0.8,2,1.5,0.6,1.5,1.1,1.4,1.5,0.9,1.5,0.5,2.2,1.7,0.5,1.3,1.4,1.7
Thetis,-,4,3,A,6/6/2017,VALO,,,,,,,,,,,,,,,,,,,,,-,-,-,-,-,-,-,-,-,-,,,,,,,,,,
Thetis,-,4,3,B,6/6/2017,PLCO,22.5,15.5,18,17,13,13,5,6.5,4.5,19,3,3,3,3,1,3,1,1,2,3,0.8,0.5,0.5,0.8,1,0.3,0.5,0.4,0.4,0.6,0.9,0.6,0.6,1,1,0.4,0.5,0.5,0.3,0.5
Thetis,-,4,3,B,6/6/2017,VALO,,,,,,,,,,,,,,,,,,,,,-,-,-,-,-,-,-,-,-,-,,,,,,,,,,
Thetis,-,5,1,A,6/6/2017,PLCO,33,26.5,35.5,40.5,27,35,26.5,41,,,5,2,5,7,2,15,4,10,,,2.1,3.4,1.3,2.2,1.9,2.1,1.2,1.4,,,2.6,2.4,2.4,2.4,2.4,2.4,1.9,1.9,,
Thetis,-,5,1,A,6/6/2017,VALO,,,,,,,,,,,,,,,,,,,,,-,-,-,-,-,-,-,-,-,-,,,,,,,,,,
Thetis,-,5,1,B,6/6/2017,PLCO,32.5,14,18.5,16,18,46.5,25.5,15,25.5,,4,1,1,1,3,11,5,1,3,,2.5,1,1.3,1,0.6,3.5,1.5,1,1.5,,2.5,1.2,1.5,1,0.6,3,1.8,1.2,1.8,
Thetis,-,5,1,B,6/6/2017,VALO,,,,,,,,,,,,,,,,,,,,,-,-,-,-,-,-,-,-,-,-,,,,,,,,,,
Thetis,-,5,2,A,6/6/2017,PLCO,12,9.5,14,16,14,10.5,17.5,14,15,12,2,2,6,1,6,6,4,2,1,2,0.8,1,1,1.7,1.1,1,1.3,1.6,1.5,0.9,1.2,1.2,1.5,1.8,1.4,1.1,1.9,1.4,1.2,1
Thetis,-,5,2,A,6/6/2017,VALO,,,,,,,,,,,,,,,,,,,,,-,-,-,-,-,-,-,-,-,-,,,,,,,,,,
Thetis,-,5,2,B,6/6/2017,PLCO,16.5,9,17,7,,,,,,,2,1,2,1,,,,,,,1.2,0.5,1.5,1,,,,,,,1,0.6,1.6,0.5,,,,,,
Thetis,-,5,2,B,6/6/2017,VALO,,,,,,,,,,,,,,,,,,,,,-,-,-,-,-,-,-,-,-,-,,,,,,,,,,
Thetis,-,5,3,A,6/6/2017,PLCO,13,,,,,,,,,,2,,,,,,,,,,0.9,,,,,,,,,,1.6,,,,,,,,,
Thetis,-,5,3,A,6/6/2017,VALO,,,,,,,,,,,,,,,,,,,,,-,-,-,-,-,-,-,-,-,-,,,,,,,,,,
Thetis,-,5,3,B,6/6/2017,PLCO,9,10.5,17.5,16,,,,,,,2,1,1,1,,,,,,,1,1.1,1.1,1.4,,,,,,,1.3,1.5,1.7,1.9,,,,,,
Thetis,-,5,3,B,6/6/2017,VALO,,,,,,,,,,,,,,,,,,,,,-,-,-,-,-,-,-,-,-,-,,,,,,,,,,
