"","Site","Area","Transect","Plot","Subplot","Date","Species","plant_height","number_of_inflors","inflor_height","inflor_width","infvol","num_seeds2","observation","subplot_num","Pollination.Experiment.Subplot..1...Yes..0...No.","X.Plectritis","X.Plectritis..including.pollinator.focal.plants.","X.Valerianella","X.Plectritis.1m.2..excluding.subplots.","X.Plectritis.1m.2..including.subplots.","X.Valerianella.1m.2","X.Valerianella.1m.2..including.subplots.","X.shrubcover.subplot","X.shrubcover.1m.2","X.grasscover.subplot","X.grasscover.1m.2","soil.depth.1","soil.depth.2","soil.depth.1..1m.2.","soil.depth.2..1m.2.","soil.moisture.1.7.6cm","soil.moisture.2.7.6cm","avg_soil_moisture_7.6cm","soil.moisture.1.7.6cm..1m.2.","soil.moisture.2.7.6cm..1m.2.","soil.moisture.1.12cm","soil.moisture.2.12cm","avg_soil_moisture_12cm","soil.moisture.1.12cm..1m.2.","soil.moisture.2.12cm..1m.2.","flowering.sps.subplot..id.s.","flowering.sps.subplot..richness.","flowering.sps.1m.2..id.s.","flowering.sps.1m.2..richness.","X..flowering.infloresences.in.subplot","species.richnesss.subplot..id.s.","species.richnesss.subplot","species.richnesss.subplot..1m.2...id.s.","species.richness..1m.2."
"1","Cowichan","Collins Field",1,1,"A","5/30/2017","PLCO",23.0833333333333,1,1.31666666666667,1.31666666666667,5.44629993084831,36.2971983333333,1,1,1,6,8,3,205,219,33,37,0,0,80,90,">12",">12",">12",">12","16.4","17.9","17.15","16.9","15.9","27.2","25.7","26.45","23.8","23.8","Lathyrus _, Geranium molle, Vicia (p) ",3,"Lathyrus _, Geranium molle, Vicia (p), Lomatium, Camassia quamash, Myositis",NA,NA,NA,NA,NA,NA
"2","Cowichan","Collins Field",1,1,"B","5/30/2017","PLCO",20.4166666666667,1,0.95,1.13333333333333,3.38244809036501,33.5378916666667,2,2,0,6,6,1,205,219,33,37,0,0,90,90,"7<x<12","<7",">12",">12","16.4",NA,"16.4","16.9","15.9",NA,NA,"#DIV/0!","23.8","23.8",NA,NA,NA,NA,NA,NA,NA,NA,NA
"3","Cowichan","Collins Field",1,2,"A","5/30/2017","PLCO",35.43,1.4,1.78,1.85,10.3452646082712,49.0727882,3,3,1,12,14,1,124,148,2,3,0,0,60,75,">12",">12",">12",">12","16.9","17.9","17.4","14.9","18.4","23.8","25.7","24.75","23.8","23.3",NA,NA,NA,NA,NA,NA,NA,NA,NA
"4","Cowichan","Collins Field",1,2,"B","5/30/2017","PLCO",32.52,1.4,1.62,1.64,8.34658336205736,46.0616948,4,4,0,10,10,0,124,148,2,3,0,0,80,75,"7<x<12",">12",">12",">12","14.4","10.5","12.45","14.9","18.4","21.8",NA,"21.8","23.8","23.3",NA,NA,NA,NA,NA,NA,NA,NA,NA
"5","Cowichan","Collins Field",1,3,"A","5/30/2017","PLCO",31.6,1,1.71,2.12,11.3889016877937,45.109734,5,5,1,38,40,7,796,882,21,28,0,0,10,40,">12",">12",">12",">12","32.1","23.3","27.7","27.7","22.3","22.3","15.9","19.1","15.9","14.4",NA,NA,NA,NA,NA,NA,NA,NA,NA
"6","Cowichan","Collins Field",1,3,"B","5/30/2017","PLCO",32.05,1,1.62,1.87,9.51714078478492,45.575367,6,6,0,46,46,0,796,882,21,28,0,0,50,40,">12",">12",">12",">12","13.5","14.9","14.2","27.7","22.3","22.8","23.3","23.05","15.9","14.4",NA,NA,NA,NA,NA,NA,NA,NA,NA
"7","Cowichan","Collins Field",2,1,"A","5/30/2017","PLCO",22.0625,1,1.575,1.5875,7.85496338167873,35.24090125,7,7,1,8,10,4,83,100,41,45,0,0,20,25,"7<x<12","7<x<12",">12","<7","13","13.5","13.25","12",NA,NA,NA,"#DIV/0!","17.9",NA,NA,NA,NA,NA,NA,NA,NA,NA,NA
"8","Cowichan","Collins Field",2,1,"B","5/30/2017","PLCO",19.2142857142857,1,1.18571428571429,1.35714285714286,5.05539960684806,32.29374,8,8,0,7,7,0,83,100,41,45,0,0,20,25,"<7","<7",">12","<7",NA,NA,"#DIV/0!",NA,NA,NA,NA,"#DIV/0!","17.9",NA,NA,NA,NA,NA,NA,NA,NA,NA,NA
"9","Cowichan","Collins Field",2,2,"A","5/30/2017","PLCO",26.2,1,1.26,1.56,6.1751145198961,39.522138,9,9,1,108,110,1,917,1093,4,5,0,0,10,5,"<7","<7","7<x<12","7<x<12",NA,NA,"#DIV/0!","13","13.9",NA,NA,"#DIV/0!",NA,NA,NA,NA,NA,NA,NA,NA,NA,NA,NA
"10","Cowichan","Collins Field",2,2,"B","5/30/2017","PLCO",31.1,1.2,1.41,1.88,8.32773380613582,44.592364,10,10,0,66,66,0,917,1093,4,5,0,0,5,5,"<7","<7","7<x<12","7<x<12",NA,NA,"#DIV/0!","13","13.9",NA,NA,"#DIV/0!",NA,NA,NA,NA,NA,NA,NA,NA,NA,NA,NA
"11","Cowichan","Collins Field",2,3,"A","5/30/2017","PLCO",24.8,1,1.27,1.53,6.10442868519033,38.073502,11,11,1,68,70,0,663,771,8,9,0,0,3,10,"<7","<7","7<x<12","7<x<12",NA,NA,"#DIV/0!","13","12.5",NA,NA,"#DIV/0!",NA,NA,NA,NA,NA,NA,NA,NA,NA,NA,NA
"12","Cowichan","Collins Field",2,3,"B","5/30/2017","PLCO",23.65,1,1.36,1.71,7.30608787518842,36.883551,12,12,0,38,38,1,663,771,8,9,0,0,5,10,"<7","<7","7<x<12","7<x<12",NA,NA,"#DIV/0!","13","12.5",NA,NA,"#DIV/0!",NA,NA,NA,NA,NA,NA,NA,NA,NA,NA,NA
"13","Cowichan","Collins Field",3,1,"A","5/30/2017","PLCO",41.5,4,2,2.2,13.8230076757951,55.35366,13,13,1,1,3,13,20,27,78,94,0,0,10,50,">12",">12",">12",">12","18.4","15.4","16.9","17.9","19.3","24.3","24.3","24.3","28.2","20.8",NA,NA,NA,NA,NA,NA,NA,NA,NA
"14","Cowichan","Collins Field",3,1,"B","5/30/2017","PLCO",21.2,1.5,1.675,1.7,8.94568508109694,34.348438,14,14,0,4,4,3,20,27,78,94,0,0,20,50,">12",">12",">12",">12","15.4","19.8","17.6","17.9","19.3","25.2","24.7","24.95","28.2","20.8",NA,NA,NA,NA,NA,NA,NA,NA,NA
"15","Cowichan","Collins Field",3,2,"A","5/30/2017","PLCO",24.48,1.1,1.66,1.44,7.50966307914104,37.7423852,15,15,1,35,37,3,541,600,28,33,0,0,5,5,">12","7<x<12",">12",">12","14.4","16.9","15.65","17.4","16.4","25.7",NA,"25.7","25.7","22.8",NA,NA,NA,NA,NA,NA,NA,NA,NA
"16","Cowichan","Collins Field",3,2,"B","5/30/2017","PLCO",26.1,1.5,1.79,1.25,7.02931356240716,39.418664,16,16,0,22,22,2,541,600,28,33,0,0,0,5,">12","7<x<12",">12",">12","15.4","11.5","13.45","17.4","16.4","29.7",NA,"29.7","25.7","22.8",NA,NA,NA,NA,NA,NA,NA,NA,NA
"17","Cowichan","Collins Field",3,3,"A","5/30/2017","PLCO",28.1,1.5,1.89,1.79,10.6283221063596,41.488144,17,17,1,48,50,3,548,655,9,12,0,0,3,10,">12",">12",">12",">12","14.9","14.9","14.9","11.5","14.4","17.4","23.3","20.35","17.9","20.3",NA,NA,NA,NA,NA,NA,NA,NA,NA
"18","Cowichan","Collins Field",3,3,"B","5/30/2017","PLCO",28.25,1.1,1.5,1.99,9.37765407096553,41.643355,18,18,0,57,57,0,548,655,9,12,0,0,10,10,">12",">12",">12",">12","12.5","19.8","16.15","11.5","14.4","26.7","18.4","22.55","17.9","20.3",NA,NA,NA,NA,NA,NA,NA,NA,NA
"19","Cowichan","Collins Field",4,1,"A","5/30/2017","PLCO",27.45,1.4,1.85,1.76,10.2290256800884,40.815563,19,19,1,10,12,0,121,134,8,12,0,0,75,75,">12",">12",">12",">12","19.8","17.4","18.6","15.9","17.9","30.1","30.1","30.1","31.6","29.7",NA,NA,NA,NA,4,NA,NA,NA,NA
"20","Cowichan","Collins Field",4,1,"B","5/30/2018","PLCO",32,1,1.1,2,6.91150383789755,45.52363,20,20,0,1,1,4,NA,134,NA,12,0,0,60,75,">12",">12",">12",">12","16.9","11","13.95","15.9","17.9","17.9","24.3","21.1","31.6","29.7",NA,NA,NA,NA,NA,NA,NA,NA,NA
"21","Cowichan","Collins Field",4,2,"A","5/30/2017","PLCO",29.9,1,1.72,1.68,9.07794613181306,43.350676,21,21,1,28,30,0,319,372,18,21,0,0,50,60,">12",">12",">12",">12","17.4","14.9","16.15","17.4","15.9","17.9","30.1","24","34.1","35.5",NA,NA,NA,NA,NA,"Plectritis congesta, Valerianella locusta, Lomatium utriculatum, Anthoxanthum, Bromus carinatus, Geranium molle, Poa , Bromus tectorum, Gallium .",9,"Plectritis congesta, Valerianella locusta, Lomatium utriculatum, Anthoxanthum, Bromus carinatus, Geranium molle, Poa praetense, Bromus tectorum, Gallium , Dactylis, Claytonia perf, Dodecatheon , Cerastium arvense, Vicia purple, Achillea, Sanicula",16
"22","Cowichan","Collins Field",4,2,"B","5/30/2017","PLCO",37.4,2,2.72,2.39,20.4228655224565,51.111226,22,22,0,23,23,3,319,372,18,21,0,0,40,60,">12",">12",">12",">12","21.3","16.9","19.1","17.4","15.9","17.9","24.3","21.1","34.1","35.5",NA,NA,NA,NA,NA,"Dactylis, Plectritis congesta, Valerianella locusta, Claytonia perf, Dodecatheon , Poa",6,"Plectritis congesta, Valerianella locusta, Lomatium utriculatum, Anthoxanthum, Bromus carinatus, Geranium molle, Poa , Bromus tectorum, Gallium , Dactylis, Plectritis congesta, Valerianella locusta, Claytonia perf, Dodecatheon , Poa, Cerastium arvense, Vicia purple, Achillea, Sanicula",16
"23","Cowichan","Collins Field",4,3,"A","5/30/2017","PLCO",28.25,1,1.58,1.67,8.28940637576203,41.643355,23,23,1,23,25,2,479,504,25,27,0,0,50,50,">12",">12",">12",">12","18.4","18.4","18.4","23.8","17.9","22.3","21.8","22.05","34.1","15.9",NA,NA,NA,NA,NA,NA,NA,NA,NA
"24","Cowichan","Collins Field",4,3,"B","5/30/2017","PLCO",31.5,1.1,1.81,1.79,10.1784460383656,45.00626,24,24,0,NA,0,NA,NA,504,NA,27,0,0,NA,NA,NA,NA,">12",">12",NA,NA,"#DIV/0!","23.8","17.9",NA,NA,"#DIV/0!","34.1","15.9",NA,NA,NA,NA,NA,NA,NA,NA,NA
"25","Cowichan","Drought Shelter Field",1,1,"A","5/23/2017","PLCO",29.35,1.5,1.78,2.11,11.7991936883525,42.781569,25,25,1,11,13,0,132,149,0,0,0,0,0,15,"<7","<7",NA,NA,NA,NA,"#DIV/0!",NA,NA,NA,NA,"#DIV/0!",NA,NA,NA,NA,NA,NA,NA,NA,NA,NA,NA
"26","Cowichan","Drought Shelter Field",1,1,"B","5/25/2017","PLCO",13.925,1,0.75,0.65,1.53152641862502,26.8207045,26,26,0,4,4,0,132,149,0,0,0,0,1,15,"7<x<12","<7",NA,NA,"12",NA,"12",NA,NA,NA,NA,"#DIV/0!",NA,NA,NA,NA,NA,NA,NA,NA,NA,NA,NA
"27","Cowichan","Drought Shelter Field",1,2,"A","5/23/2017","PLCO",23.45,1,1.35,1.71,7.25236664081204,36.676603,27,27,1,34,36,0,331,384,0,0,0,7,1,15,"<7","<7",NA,NA,NA,NA,"#DIV/0!",NA,NA,NA,NA,"#DIV/0!",NA,NA,NA,NA,NA,NA,NA,NA,NA,NA,NA
"28","Cowichan","Drought Shelter Field",1,2,"B","5/25/2017","PLCO",26.2,1,1.54,1.75,8.46659220142449,39.522138,28,28,0,17,17,0,331,384,0,0,NA,NA,25,15,"7<x<12","7<x<12",NA,NA,"21.3","13.9","17.6",NA,NA,NA,NA,"#DIV/0!",NA,NA,NA,NA,NA,NA,NA,NA,NA,NA,NA
"29","Cowichan","Drought Shelter Field",1,3,"A","5/23/2017","PLCO",24.55,1,1.21,1.59,6.0441101062414,37.814817,29,29,1,35,37,0,554,688,0,0,0,1,5,25,"<7","<7",NA,NA,NA,NA,"#DIV/0!",NA,NA,NA,NA,"#DIV/0!",NA,NA,NA,NA,NA,NA,NA,NA,NA,NA,NA
"30","Cowichan","Drought Shelter Field",1,3,"B","5/25/2017","PLCO",20.15,1,1.14,1.42,5.08561018763116,33.261961,30,30,0,97,97,0,554,688,0,0,NA,NA,80,25,"7<x<12","7<x<12",NA,NA,"16.9","13","14.95",NA,NA,NA,NA,"#DIV/0!",NA,NA,NA,NA,NA,NA,NA,NA,NA,NA,NA
"31","Cowichan","Drought Shelter Field",2,1,"B","5/25/2017","PLCO",12,1,0.9,1.2,3.39292006587698,24.82883,32,32,0,1,1,3,40,49,56,60,NA,NA,25,45,">12",">12",">12",">12","17.4","15.4","16.4",NA,NA,"28.7","24.3","26.5",NA,NA,NA,NA,NA,NA,NA,NA,NA,NA,NA
"32","Cowichan","Drought Shelter Field",2,2,"A","5/23/2017","PLCO",24.5,1.2,1.39,1.9,8.29694619813064,37.76308,33,33,1,39,41,1,233,295,17,27,0,7,5,10,"7<x<12","7<x<12",NA,NA,"13.5","9","11.25",NA,NA,NA,NA,"#DIV/0!",NA,NA,NA,NA,NA,NA,NA,NA,NA,NA,NA
"33","Cowichan","Drought Shelter Field",2,2,"B","5/25/2017","PLCO",21.75,1.2,1.69,1.92,10.1938398423682,34.917545,34,34,0,21,21,9,233,295,17,27,NA,NA,1,10,"7<x<12","7<x<12",NA,NA,"13.9","14.4","14.15",NA,NA,NA,NA,"#DIV/0!",NA,NA,NA,NA,NA,NA,NA,NA,NA,NA,NA
"34","Cowichan","Drought Shelter Field",2,3,"A","5/23/2017","PLCO",24.25,2,2.03,2,12.7548661735746,37.504395,35,35,1,21,23,1,147,188,15,16,0,4,5,8,"7<x<12","7<x<12",NA,NA,"13.5","13","13.25",NA,NA,NA,NA,"#DIV/0!",NA,NA,NA,NA,NA,NA,NA,NA,NA,NA,NA
"35","Cowichan","Drought Shelter Field",2,3,"B","5/25/2017","PLCO",23.15,1.1,1.81,1.95,11.0882512708452,36.366181,36,36,0,18,18,0,147,188,15,16,NA,NA,1,8,">12",">12",NA,NA,"13.5","14.4","13.95",NA,NA,"23.8","25.2","24.5",NA,NA,NA,NA,NA,NA,NA,NA,NA,NA,NA
"36","Cowichan","Drought Shelter Field",3,1,"A","5/23/2017","PLCO",26.4,1.1,1.59,1.95,9.74050802245515,39.729086,37,37,1,24,26,9,284,310,97,123,10,12,0,2,"7<x<12","7<x<12",NA,NA,"15.4","11","13.2",NA,NA,NA,NA,"#DIV/0!",NA,NA,NA,NA,NA,NA,NA,NA,NA,NA,NA
"37","Cowichan","Drought Shelter Field",3,1,"B","5/25/2017","PLCO",NA,NA,NA,NA,NA,NA,38,38,0,0,0,17,284,310,97,123,NA,NA,0,2,"7<x<12","7<x<12",NA,NA,"13.9","13.5","13.7",NA,NA,NA,NA,"#DIV/0!",NA,NA,NA,NA,NA,NA,NA,NA,NA,NA,NA
"38","Cowichan","Drought Shelter Field",3,2,"A","5/23/2017","PLCO",21.85,1.2,1.82,1.99,11.3782202727715,35.021019,39,39,1,17,19,2,150,171,19,21,0,8,1,3,">12",">12",NA,NA,"17.9","16.4","17.15",NA,NA,"25.2","25.2","25.2",NA,NA,NA,NA,NA,NA,NA,NA,NA,NA,NA
"39","Cowichan","Drought Shelter Field",3,2,"B","5/25/2017","PLCO",14,1.5,1.05,0.85,2.80387144332889,26.89831,40,40,0,2,2,0,150,171,19,21,NA,NA,0,3,">12",">12",NA,NA,"17.9","23.8","20.85",NA,NA,"28.7","26.7","27.7",NA,NA,NA,NA,NA,NA,NA,NA,NA,NA,NA
"40","Cowichan","Drought Shelter Field",3,3,"A","5/24/2017","PLCO",26.7,2,1.69,2.02,10.7247690008248,40.039508,41,41,1,25,27,0,288,322,4,5,0,3,2,5,"7<x<12","7<x<12",NA,NA,"16.4","17.9","17.15",NA,NA,NA,NA,"#DIV/0!",NA,NA,NA,NA,NA,NA,NA,NA,NA,NA,NA
"41","Cowichan","Drought Shelter Field",3,3,"B","5/25/2017","PLCO",28.9166666666667,1.16666666666667,1.66666666666667,1.95,10.2101761241668,42.3331816666667,42,42,0,7,7,1,288,322,4,5,NA,NA,0,5,">12","7<x<12",NA,NA,"18.9","15.9","17.4",NA,NA,"30.1",NA,"30.1",NA,NA,NA,NA,NA,NA,NA,NA,NA,NA,NA
"42","Cowichan","Drought Shelter Field",4,1,"A","5/24/2017","PLCO",24.3,1.7,1.75,2.3,12.6449104306989,37.556132,43,43,1,12,14,7,122,147,79,90,0,0,1,1,NA,NA,NA,NA,NA,NA,"#DIV/0!",NA,NA,NA,NA,"#DIV/0!",NA,NA,NA,NA,NA,NA,NA,NA,NA,NA,NA
"43","Cowichan","Drought Shelter Field",4,1,"B","5/25/2017","PLCO",13.65,1.1,1.14,1.69,6.0525924064061,26.536151,44,44,0,11,11,4,122,147,79,90,NA,NA,3,1,NA,NA,NA,NA,NA,NA,"#DIV/0!",NA,NA,NA,NA,"#DIV/0!",NA,NA,NA,NA,NA,NA,NA,NA,NA,NA,NA
"44","Cowichan","Drought Shelter Field",4,2,"A","5/24/2017","PLCO",20.4,1,1.66,1.99,10.3779371718685,33.520646,45,45,1,19,21,5,225,248,59,82,0,0,1,1,NA,NA,NA,NA,NA,NA,"#DIV/0!",NA,NA,NA,NA,"#DIV/0!",NA,NA,NA,NA,NA,NA,NA,NA,NA,NA,NA
"45","Cowichan","Drought Shelter Field",4,2,"B","5/25/2017","PLCO",16.5,1,1,1.35,4.24115008234622,29.48516,46,46,0,2,2,18,225,248,59,82,NA,NA,0,1,NA,NA,NA,NA,NA,NA,"#DIV/0!",NA,NA,NA,NA,"#DIV/0!",NA,NA,NA,NA,NA,NA,NA,NA,NA,NA,NA
"46","Cowichan","Drought Shelter Field",4,3,"A","5/24/2017","PLCO",24.45,1,1.58,2.01,9.97706994927047,37.711343,47,47,1,10,12,12,95,115,65,83,0,0,5,7,NA,NA,NA,NA,NA,NA,"#DIV/0!",NA,NA,NA,NA,"#DIV/0!",NA,NA,NA,NA,NA,NA,NA,NA,NA,NA,NA
"47","Cowichan","Drought Shelter Field",4,3,"B","5/25/2017","PLCO",16,1,1.1875,1.4125,5.26953080254475,28.96779,48,48,0,8,8,6,95,115,65,83,NA,NA,10,7,NA,NA,NA,NA,NA,NA,"#DIV/0!",NA,NA,NA,NA,"#DIV/0!",NA,NA,NA,NA,NA,NA,NA,NA,NA,NA,NA
"48","Cowichan","Drought Shelter Field",5,1,"A","5/31/2017","PLCO",NA,NA,NA,NA,NA,NA,49,49,0,0,0,16,7,7,80,105,NA,NA,20,25,">12",">12",">12",">12","14.9","14.9","14.9","11.5","14.9","20.3","21.3","20.8","26.4","23.3",NA,NA,NA,NA,NA,NA,NA,NA,NA
"49","Cowichan","Drought Shelter Field",5,1,"B","5/31/2017","PLCO",NA,NA,NA,NA,NA,NA,50,50,0,0,0,9,7,7,80,105,NA,NA,15,15,">12",">12",">12",">12","18.9","13.9","16.4","11.5","14.9","25.2","21.8","23.5","26.4","23.3",NA,NA,NA,NA,NA,NA,NA,NA,NA
"50","Cowichan","Drought Shelter Field",5,2,"A","5/31/2017","PLCO",NA,NA,NA,NA,NA,NA,51,51,0,0,0,7,2,2,20,32,NA,NA,2,50,">12",">12",">12",">12","8.5","5.6","7.05","11","7.6","16.9","13.5","15.2","23.3","10.5",NA,NA,NA,NA,NA,NA,NA,NA,NA
"51","Cowichan","Drought Shelter Field",5,2,"B","5/31/2017","PLCO",NA,NA,NA,NA,NA,NA,52,52,0,0,0,5,2,2,20,32,NA,NA,2,50,">12",">12",">12",">12","11","7.6","9.3","11","7.6","21.8","14.4","18.1","23.3","10.5",NA,NA,NA,NA,NA,NA,NA,NA,NA
"52","Cowichan","Drought Shelter Field",5,3,"A","5/31/2017","PLCO",NA,NA,NA,NA,NA,NA,53,53,0,0,0,0,0,0,0,0,NA,NA,NA,NA,NA,NA,NA,NA,NA,NA,"#DIV/0!",NA,NA,NA,NA,"#DIV/0!",NA,NA,NA,NA,NA,NA,NA,NA,NA,NA,NA
"53","Cowichan","Drought Shelter Field",5,3,"B","5/31/2017","PLCO",NA,NA,NA,NA,NA,NA,54,54,0,0,0,0,0,0,0,0,NA,NA,NA,NA,NA,NA,NA,NA,NA,NA,"#DIV/0!",NA,NA,NA,NA,"#DIV/0!",NA,NA,NA,NA,NA,NA,NA,NA,NA,NA,NA
"54","Cowichan","Drought Shelter Field",6,1,"A","5/31/2017","PLCO",NA,NA,NA,NA,NA,NA,55,55,0,0,0,10,0,74,74,87,NA,NA,20,20,"<7",">12",">12",">12",NA,"17.9","17.9","23.3","38",NA,"26.7","26.7","59.1","34.6",NA,NA,NA,NA,NA,NA,NA,NA,NA
"55","Cowichan","Drought Shelter Field",6,1,"B","5/31/2017","PLCO",NA,NA,NA,NA,NA,NA,56,56,0,0,0,3,0,74,74,87,NA,NA,5,20,">12","7<x<12",">12",">12","22.8","18.9","20.85","23.3","38","26.2",NA,"26.2","59.1","34.6",NA,NA,NA,NA,NA,NA,NA,NA,NA
"56","Cowichan","Drought Shelter Field",6,2,"A","5/31/2017","PLCO",NA,NA,NA,NA,NA,NA,57,57,0,0,0,1,0,0,3,4,NA,NA,40,75,"<7","7<x<12","7<x<12",">12",NA,"19.8","19.8","26.2","18.4",NA,NA,"#DIV/0!","36.5",NA,NA,NA,NA,NA,NA,NA,NA,NA,NA
"57","Cowichan","Drought Shelter Field",6,2,"B","5/31/2017","PLCO",NA,NA,NA,NA,NA,NA,58,58,0,0,0,0,0,0,3,4,NA,NA,95,75,"<7","7<x<12","7<x<12",">12",NA,"15.9","15.9","26.2","18.4",NA,NA,"#DIV/0!","36.5",NA,NA,NA,NA,NA,NA,NA,NA,NA,NA
"58","Cowichan","Drought Shelter Field",6,3,"A","5/31/2017","PLCO",33.1714285714286,2,1.4,1.85714285714286,8.16814089933346,46.735754,59,59,0,7,7,0,31,52,0,0,NA,NA,1,3,">12",">12",">12",">12","17.4","17.4","17.4","18.4","15.4","22.8","27.2","25","24.7","23.8",NA,NA,NA,NA,NA,NA,NA,NA,NA
"59","Cowichan","Drought Shelter Field",6,3,"B","5/31/2017","PLCO",29.02,1.6,1.66,1.84,9.59568060112466,42.4401048,60,60,0,14,14,0,31,52,0,0,NA,NA,1,3,">12",">12",">12",">12","14.4","13.9","14.15","18.4","15.4","20.3","27.2","23.75","24.7","23.8",NA,NA,NA,NA,NA,NA,NA,NA,NA
"60","Cowichan","Drought Shelter Field",7,1,"A","5/31/2017","PLCO",NA,NA,NA,NA,NA,NA,61,61,0,0,0,33,0,0,158,216,NA,NA,15,40,">12",">12",">12",">12","18.4","16.9","17.65","15.4","19.3","24.7","26.2","25.45","25.7","31.1",NA,NA,NA,NA,NA,NA,NA,NA,NA
"61","Cowichan","Drought Shelter Field",7,1,"B","5/31/2017","PLCO",NA,NA,NA,NA,NA,NA,62,62,0,0,0,25,0,0,158,216,NA,NA,75,40,">12",">12",">12",">12","18.9","17.4","18.15","15.4","19.3","25.7","31.1","28.4","25.7","31.1",NA,NA,NA,NA,NA,NA,NA,NA,NA
"62","Cowichan","Drought Shelter Field",7,2,"A","5/31/2017","PLCO",NA,NA,NA,NA,NA,NA,63,63,0,0,0,20,0,0,77,111,NA,NA,1,15,">12","<7`",">12",">12","19.3",NA,"19.3","17.4","16.4","30.1",NA,"30.1","22.8","25.7",NA,NA,NA,NA,NA,NA,NA,NA,NA
"63","Cowichan","Drought Shelter Field",7,2,"B","5/31/2017","PLCO",NA,NA,NA,NA,NA,NA,64,64,0,0,0,14,0,0,77,111,NA,NA,1,15,">12","<7",">12",">12","9",NA,"9","17.4","16.4","20.3",NA,"20.3","22.8","25.7",NA,NA,NA,NA,NA,NA,NA,NA,NA
"64","Cowichan","Drought Shelter Field",7,3,"A","5/31/2017","PLCO",NA,NA,NA,NA,NA,NA,65,65,0,0,0,46,6,6,78,130,NA,NA,5,50,"7<x<12",">12",">12",">12","14.4","15.9","15.15","9.5","19.8",NA,"26.7","26.7","15.9","26.7",NA,NA,NA,NA,NA,NA,NA,NA,NA
"65","Cowichan","Drought Shelter Field",7,3,"B","5/31/2017","PLCO",NA,NA,NA,NA,NA,NA,66,66,0,0,0,6,6,6,78,130,NA,NA,10,50,"<7",">12",">12",">12",NA,"10.5","10.5","9.5","19.8",NA,"22.3","22.3","15.9","26.7",NA,NA,NA,NA,NA,NA,NA,NA,NA
"66","Cowichan","Roadside",1,1,"A","5/24/2017","PLCO",20.05,1,0.93,1.34,3.9150527649036,33.158487,67,67,0,83,83,0,828,923,2,2,NA,NA,NA,NA,"7<x<12","<7","7<x<12","7<x<12","5.6",NA,"5.6","18.4","9",NA,NA,"#DIV/0!",NA,NA,NA,NA,NA,NA,NA,NA,NA,NA,NA
"67","Cowichan","Roadside",1,1,"B","5/24/2017","PLCO",13.4,1,0.66,0.95,1.9697785938008,26.277466,68,68,0,12,12,0,828,923,2,2,NA,NA,NA,NA,"<7","<7","7<x<12","7<x<12",NA,NA,"#DIV/0!","18.4","9",NA,NA,"#DIV/0!",NA,NA,NA,NA,NA,NA,NA,NA,NA,NA,NA
"68","Cowichan","Roadside",1,2,"A","5/24/2017","PLCO",19.6,1,1.1,1.6,5.52920307031804,32.692854,69,69,0,16,16,1,209,235,0,1,NA,NA,NA,NA,"7<x<12","7<x<12","<7","<7","13.9","13","13.45",NA,NA,NA,NA,"#DIV/0!",NA,NA,NA,NA,NA,NA,NA,NA,NA,NA,NA
"69","Cowichan","Roadside",1,2,"B","5/24/2017","PLCO",15.4,1.1,0.83,1.16,3.02472540687625,28.346946,70,70,0,10,10,0,209,235,0,1,NA,NA,NA,NA,"7<x<12","<7","<7","<7","19.3",NA,"19.3",NA,NA,NA,NA,"#DIV/0!",NA,NA,NA,NA,NA,NA,NA,NA,NA,NA,NA
"70","Cowichan","Roadside",1,3,"A","5/24/2017","PLCO",23.65,1,1.1,1.7,5.87477826221291,36.883551,71,71,0,32,32,0,698,777,0,0,NA,NA,NA,NA,"<7","<7","7<x<12","7<x<12",NA,NA,"#DIV/0!","13","8.1",NA,NA,"#DIV/0!",NA,NA,NA,NA,NA,NA,NA,NA,NA,NA,NA
"71","Cowichan","Roadside",1,3,"B","5/24/2017","PLCO",18.1,1,1.11,1.96,6.83484897714995,31.140744,72,72,0,47,47,0,698,777,0,0,NA,NA,NA,NA,"7<x<12","<7","7<x<12","7<x<12","13.5",NA,"13.5","13","8.1",NA,NA,"#DIV/0!",NA,NA,NA,NA,NA,NA,NA,NA,NA,NA,NA
"72","Cowichan","Roadside",2,1,"A","5/24/2017","PLCO",NA,NA,NA,NA,NA,NA,73,73,0,0,0,18,0,0,82,114,NA,NA,NA,NA,"7<x<12","<7","7<x<12","7<x<12","17.4",NA,"17.4","14.4","18.4",NA,NA,"#DIV/0!",NA,NA,NA,NA,NA,NA,NA,NA,NA,NA,NA
"73","Cowichan","Roadside",2,1,"B","5/24/2017","PLCO",NA,NA,NA,NA,NA,NA,74,74,0,0,0,14,0,0,82,114,NA,NA,NA,NA,"7<x<12","7<x<12","7<x<12","7<x<12","12","21.8","16.9","14.4","18.4",NA,NA,"#DIV/0!",NA,NA,NA,NA,NA,NA,NA,NA,NA,NA,NA
"74","Cowichan","Roadside",2,2,"A","5/24/2017","PLCO",15.05,1,0.8,1.1,2.76460153515902,27.984787,75,75,0,10,10,5,149,162,45,51,NA,NA,1,12,">12","7<x<12",">12","7<x<12","11.5","12","11.75","14.9","15.9","24.7",NA,"24.7","26.7",NA,NA,NA,NA,NA,NA,NA,NA,NA,NA
"75","Cowichan","Roadside",2,2,"B","5/24/2017","PLCO",13,1,0.625,0.75,1.47262155637022,25.86357,76,76,0,3,3,1,149,162,45,51,NA,NA,1,12,"7<x<12","7<x<12",">12","7<x<12","14.4","15.9","15.15","14.9","15.9",NA,NA,"#DIV/0!","26.7",NA,NA,NA,NA,NA,NA,NA,NA,NA,NA
"76","Cowichan","Roadside",2,3,"A","5/24/2017","PLCO",23.05,1,1.23,1.69,6.5304286490171,36.262707,77,77,0,27,27,1,423,495,2,3,NA,NA,1,5,">12",">12","7<x<12","7<x<12","14.4","13.9","14.15","12","12.5","18.4","18.9","18.65",NA,NA,NA,NA,NA,NA,NA,NA,NA,NA,NA
"77","Cowichan","Roadside",2,3,"B","5/24/2017","PLCO",18.2,1,1.01,1.28,4.06145098256088,31.244218,78,78,0,45,45,0,423,495,2,3,NA,NA,1,5,"7<x<12","7<x<12","7<x<12","7<x<12","12.5","10","11.25","12","12.5",NA,NA,"#DIV/0!",NA,NA,NA,NA,NA,NA,NA,NA,NA,NA,NA
"78","Cowichan","Roadside",3,1,"A","5/24/2017","PLCO",NA,NA,NA,NA,NA,NA,79,79,0,0,0,34,0,0,147,188,NA,NA,1,5,"7<x<12","7<x<12",">12","7<x<12","17.9","14.9","16.4","21.8","17.4",NA,NA,"#DIV/0!","28.2",NA,NA,NA,NA,NA,NA,NA,NA,NA,NA
"79","Cowichan","Roadside",3,1,"B","5/24/2017","PLCO",NA,NA,NA,NA,NA,NA,80,80,0,0,0,7,0,0,147,188,NA,NA,15,5,">12","7<x<12",">12","7<x<12","13.9","13","13.45","21.8","17.4",NA,"26.2","26.2","28.2",NA,NA,NA,NA,NA,NA,NA,NA,NA,NA
"80","Cowichan","Roadside",3,2,"A","5/24/2017","PLCO",NA,NA,NA,NA,NA,NA,81,81,0,0,0,11,0,0,54,65,NA,NA,2,3,">12","<7","7<x<12","7<x<12","14.4",NA,"14.4","13.5","16.9","17.9",NA,"17.9",NA,NA,NA,NA,NA,NA,NA,NA,NA,NA,NA
"81","Cowichan","Roadside",3,2,"B","5/24/2017","PLCO",NA,NA,NA,NA,NA,NA,82,82,0,0,0,0,0,0,54,65,NA,NA,20,3,"<7","<7","7<x<12","7<x<12",NA,NA,"#DIV/0!","13.5","16.9",NA,NA,"#DIV/0!",NA,NA,NA,NA,NA,NA,NA,NA,NA,NA,NA
"82","Cowichan","Roadside",3,3,"A","5/24/2017","PLCO",NA,NA,NA,NA,NA,NA,83,83,0,0,0,1,1,1,33,34,NA,NA,1,7,"7<x<12","7<x<12",">12","7<x<12","10.5","14.4","12.45","19","19.3",NA,NA,"#DIV/0!","28.2",NA,NA,NA,NA,NA,NA,NA,NA,NA,NA
"83","Cowichan","Roadside",3,3,"B","5/24/2017","PLCO",NA,NA,NA,NA,NA,NA,84,84,0,0,0,0,1,1,33,34,NA,NA,10,7,"7<x<12","7<x<12",">12","7<x<12","14.4","15.9","15.15","19","19.3",NA,NA,"#DIV/0!",NA,NA,NA,NA,NA,NA,NA,NA,NA,NA,NA
"84","Cowichan","Collins Field",1,1,"A","5/30/2017","VALO",13.8333333333333,2,NA,0.7,0.0897971900151082,33.6690656556959,1,1,1,6,8,3,205,219,33,37,0,0,80,90,">12",">12",">12",">12","16.4","17.9","17.15","16.9","15.9","27.2","25.7","26.45","23.8","23.8","Lathyrus _, Geranium molle, Vicia (p) ",3,"Lathyrus _, Geranium molle, Vicia (p), Lomatium, Camassia quamash, Myositis",NA,NA,NA,NA,NA,NA
"85","Cowichan","Collins Field",1,1,"B","5/30/2017","VALO",21.5,4,NA,0.9,0.19085175370558,44.6471033374233,2,2,0,6,6,1,205,219,33,37,0,0,90,90,"7<x<12","<7",">12",">12","16.4",NA,"16.4","16.9","15.9",NA,NA,"#DIV/0!","23.8","23.8",NA,NA,NA,NA,NA,NA,NA,NA,NA
"86","Cowichan","Collins Field",1,2,"A","5/30/2017","VALO",13,2,NA,0.7,0.0897971900151082,32.7458953578539,3,3,1,12,14,1,124,148,2,3,0,0,60,75,">12",">12",">12",">12","16.9","17.9","17.4","14.9","18.4","23.8","25.7","24.75","23.8","23.3",NA,NA,NA,NA,NA,NA,NA,NA,NA
"87","Cowichan","Collins Field",1,2,"B","5/30/2017","VALO",NA,NA,NA,NA,NA,NA,4,4,0,10,10,0,124,148,2,3,0,0,80,75,"7<x<12",">12",">12",">12","14.4","10.5","12.45","14.9","18.4","21.8",NA,"21.8","23.8","23.3",NA,NA,NA,NA,NA,NA,NA,NA,NA
"88","Cowichan","Collins Field",1,3,"A","5/30/2017","VALO",10.8571428571429,2,NA,0.5,0.0327249234748937,30.116981761145,5,5,1,38,40,7,796,882,21,28,0,0,10,40,">12",">12",">12",">12","32.1","23.3","27.7","27.7","22.3","22.3","15.9","19.1","15.9","14.4",NA,NA,NA,NA,NA,NA,NA,NA,NA
"89","Cowichan","Collins Field",1,3,"B","5/30/2017","VALO",NA,NA,NA,NA,NA,NA,6,6,0,46,46,0,796,882,21,28,0,0,50,40,">12",">12",">12",">12","13.5","14.9","14.2","27.7","22.3","22.8","23.3","23.05","15.9","14.4",NA,NA,NA,NA,NA,NA,NA,NA,NA
"90","Cowichan","Collins Field",2,1,"A","5/30/2017","VALO",9.75,1.5,NA,0.6,0.0565486677646163,28.4886302633768,7,7,1,8,10,4,83,100,41,45,0,0,20,25,"7<x<12","7<x<12",">12","<7","13","13.5","13.25","12",NA,NA,NA,"#DIV/0!","17.9",NA,NA,NA,NA,NA,NA,NA,NA,NA,NA
"91","Cowichan","Collins Field",2,1,"B","5/30/2017","VALO",NA,NA,NA,NA,NA,NA,8,8,0,7,7,0,83,100,41,45,0,0,20,25,"<7","<7",">12","<7",NA,NA,"#DIV/0!",NA,NA,NA,NA,"#DIV/0!","17.9",NA,NA,NA,NA,NA,NA,NA,NA,NA,NA
"92","Cowichan","Collins Field",2,2,"B","5/30/2017","VALO",NA,NA,NA,NA,NA,NA,10,10,0,66,66,0,917,1093,4,5,0,0,5,5,"<7","<7","7<x<12","7<x<12",NA,NA,"#DIV/0!","13","13.9",NA,NA,"#DIV/0!",NA,NA,NA,NA,NA,NA,NA,NA,NA,NA,NA
"93","Cowichan","Collins Field",2,3,"A","5/30/2017","VALO",NA,NA,NA,NA,NA,NA,11,11,1,68,70,0,663,771,8,9,0,0,3,10,"<7","<7","7<x<12","7<x<12",NA,NA,"#DIV/0!","13","12.5",NA,NA,"#DIV/0!",NA,NA,NA,NA,NA,NA,NA,NA,NA,NA,NA
"94","Cowichan","Collins Field",2,3,"B","5/30/2017","VALO",11,2,NA,0.4,0.0167551608191456,30.2038731314931,12,12,0,38,38,1,663,771,8,9,0,0,5,10,"<7","<7","7<x<12","7<x<12",NA,NA,"#DIV/0!","13","12.5",NA,NA,"#DIV/0!",NA,NA,NA,NA,NA,NA,NA,NA,NA,NA,NA
"95","Cowichan","Collins Field",3,1,"A","5/30/2017","VALO",15.31,4.1,NA,0.78,0.124237423078862,37.593768930207,13,13,1,1,3,13,20,27,78,94,0,0,10,50,">12",">12",">12",">12","18.4","15.4","16.9","17.9","19.3","24.3","24.3","24.3","28.2","20.8",NA,NA,NA,NA,NA,NA,NA,NA,NA
"96","Cowichan","Collins Field",3,1,"B","5/30/2017","VALO",15.2666666666667,3.33333333333333,NA,0.866666666666667,0.170421705183624,36.9727328702402,14,14,0,4,4,3,20,27,78,94,0,0,20,50,">12",">12",">12",">12","15.4","19.8","17.6","17.9","19.3","25.2","24.7","24.95","28.2","20.8",NA,NA,NA,NA,NA,NA,NA,NA,NA
"97","Cowichan","Collins Field",3,2,"A","5/30/2017","VALO",11,2,NA,0.633333333333333,0.0665067407746061,30.4262052339373,15,15,1,35,37,3,541,600,28,33,0,0,5,5,">12","7<x<12",">12",">12","14.4","16.9","15.65","17.4","16.4","25.7",NA,"25.7","25.7","22.8",NA,NA,NA,NA,NA,NA,NA,NA,NA
"98","Cowichan","Collins Field",3,2,"B","5/30/2017","VALO",10.85,1.5,NA,0.8,0.134041286553165,30.0535175633951,16,16,0,22,22,2,541,600,28,33,0,0,0,5,">12","7<x<12",">12",">12","15.4","11.5","13.45","17.4","16.4","29.7",NA,"29.7","25.7","22.8",NA,NA,NA,NA,NA,NA,NA,NA,NA
"99","Cowichan","Collins Field",3,3,"A","5/30/2017","VALO",11.1666666666667,2,NA,0.5,0.0327249234748937,30.4598735860577,17,17,1,48,50,3,548,655,9,12,0,0,3,10,">12",">12",">12",">12","14.9","14.9","14.9","11.5","14.4","17.4","23.3","20.35","17.9","20.3",NA,NA,NA,NA,NA,NA,NA,NA,NA
"100","Cowichan","Collins Field",3,3,"B","5/30/2017","VALO",NA,NA,NA,NA,NA,NA,18,18,0,57,57,0,548,655,9,12,0,0,10,10,">12",">12",">12",">12","12.5","19.8","16.15","11.5","14.4","26.7","18.4","22.55","17.9","20.3",NA,NA,NA,NA,NA,NA,NA,NA,NA
"101","Cowichan","Collins Field",4,1,"A","5/30/2017","VALO",15,1,NA,0.7,0.0897971900151082,33.9448671958887,19,19,1,10,12,0,121,134,8,12,0,0,75,75,">12",">12",">12",">12","19.8","17.4","18.6","15.9","17.9","30.1","30.1","30.1","31.6","29.7",NA,NA,NA,NA,4,NA,NA,NA,NA
"102","Cowichan","Collins Field",4,1,"B","5/30/2018","VALO",13.25,1.25,NA,0.775,0.12186352440507,32.4036682697336,20,20,0,1,1,4,NA,134,NA,12,0,0,60,75,">12",">12",">12",">12","16.9","11","13.95","15.9","17.9","17.9","24.3","21.1","31.6","29.7",NA,NA,NA,NA,NA,NA,NA,NA,NA
"103","Cowichan","Collins Field",4,2,"A","5/30/2017","VALO",9.5,1,NA,0.7,0.0897971900151082,27.8519432301315,21,21,1,28,30,0,319,372,18,21,0,0,50,60,">12",">12",">12",">12","17.4","14.9","16.15","17.4","15.9","17.9","30.1","24","34.1","35.5",NA,NA,NA,NA,NA,"Plectritis congesta, Valerianella locusta, Lomatium utriculatum, Anthoxanthum, Bromus carinatus, Geranium molle, Poa , Bromus tectorum, Gallium .",9,"Plectritis congesta, Valerianella locusta, Lomatium utriculatum, Anthoxanthum, Bromus carinatus, Geranium molle, Poa praetense, Bromus tectorum, Gallium , Dactylis, Claytonia perf, Dodecatheon , Cerastium arvense, Vicia purple, Achillea, Sanicula",16
"104","Cowichan","Collins Field",4,2,"B","5/30/2017","VALO",21.8333333333333,2.66666666666667,NA,1.03333333333333,0.288861687478684,44.0988468294802,22,22,0,23,23,3,319,372,18,21,0,0,40,60,">12",">12",">12",">12","21.3","16.9","19.1","17.4","15.9","17.9","24.3","21.1","34.1","35.5",NA,NA,NA,NA,NA,"Dactylis, Plectritis congesta, Valerianella locusta, Claytonia perf, Dodecatheon , Poa",6,"Plectritis congesta, Valerianella locusta, Lomatium utriculatum, Anthoxanthum, Bromus carinatus, Geranium molle, Poa , Bromus tectorum, Gallium , Dactylis, Plectritis congesta, Valerianella locusta, Claytonia perf, Dodecatheon , Poa, Cerastium arvense, Vicia purple, Achillea, Sanicula",16
"105","Cowichan","Collins Field",4,3,"A","5/30/2017","VALO",NA,NA,NA,NA,NA,NA,23,23,1,23,25,2,479,504,25,27,0,0,50,50,">12",">12",">12",">12","18.4","18.4","18.4","23.8","17.9","22.3","21.8","22.05","34.1","15.9",NA,NA,NA,NA,NA,NA,NA,NA,NA
"106","Cowichan","Collins Field",4,3,"B","5/30/2017","VALO",21,4.33333333333333,NA,0.866666666666667,0.170421705183624,44.3407813961792,24,24,0,NA,0,NA,NA,504,NA,27,0,0,NA,NA,NA,NA,">12",">12",NA,NA,"#DIV/0!","23.8","17.9",NA,NA,"#DIV/0!","34.1","15.9",NA,NA,NA,NA,NA,NA,NA,NA,NA
"107","Cowichan","Drought Shelter Field",1,1,"A","5/23/2017","VALO",NA,NA,NA,NA,NA,NA,25,25,1,11,13,0,132,149,0,0,0,0,0,15,"<7","<7",NA,NA,NA,NA,"#DIV/0!",NA,NA,NA,NA,"#DIV/0!",NA,NA,NA,NA,NA,NA,NA,NA,NA,NA,NA
"108","Cowichan","Drought Shelter Field",1,1,"B","5/25/2017","VALO",NA,NA,NA,NA,NA,NA,26,26,0,4,4,0,132,149,0,0,0,0,1,15,"7<x<12","<7",NA,NA,"12",NA,"12",NA,NA,NA,NA,"#DIV/0!",NA,NA,NA,NA,NA,NA,NA,NA,NA,NA,NA
"109","Cowichan","Drought Shelter Field",1,2,"A","5/23/2017","VALO",NA,NA,NA,NA,NA,NA,27,27,1,34,36,0,331,384,0,0,0,7,1,15,"<7","<7",NA,NA,NA,NA,"#DIV/0!",NA,NA,NA,NA,"#DIV/0!",NA,NA,NA,NA,NA,NA,NA,NA,NA,NA,NA
"110","Cowichan","Drought Shelter Field",1,2,"B","5/25/2017","VALO",NA,NA,NA,NA,NA,NA,28,28,0,17,17,0,331,384,0,0,NA,NA,25,15,"7<x<12","7<x<12",NA,NA,"21.3","13.9","17.6",NA,NA,NA,NA,"#DIV/0!",NA,NA,NA,NA,NA,NA,NA,NA,NA,NA,NA
"111","Cowichan","Drought Shelter Field",1,3,"A","5/23/2017","VALO",NA,NA,NA,NA,NA,NA,29,29,1,35,37,0,554,688,0,0,0,1,5,25,"<7","<7",NA,NA,NA,NA,"#DIV/0!",NA,NA,NA,NA,"#DIV/0!",NA,NA,NA,NA,NA,NA,NA,NA,NA,NA,NA
"112","Cowichan","Drought Shelter Field",1,3,"B","5/25/2017","VALO",NA,NA,NA,NA,NA,NA,30,30,0,97,97,0,554,688,0,0,NA,NA,80,25,"7<x<12","7<x<12",NA,NA,"16.9","13","14.95",NA,NA,NA,NA,"#DIV/0!",NA,NA,NA,NA,NA,NA,NA,NA,NA,NA,NA
"113","Cowichan","Drought Shelter Field",2,1,"A","5/23/2017","VALO",6,1,NA,0.3,0.00706858347057703,23.6049266542967,31,31,1,6,8,1,40,49,56,60,0,15,5,45,">12",">12",">12",">12","14.9","13.5","14.2",NA,NA,"22.8","26.7","24.75",NA,NA,NA,NA,NA,NA,NA,NA,NA,NA,NA
"114","Cowichan","Drought Shelter Field",2,1,"B","5/25/2017","VALO",7.375,1.5,NA,0.45,0.0238564692131975,25.7114985444426,32,32,0,1,1,3,40,49,56,60,NA,NA,25,45,">12",">12",">12",">12","17.4","15.4","16.4",NA,NA,"28.7","24.3","26.5",NA,NA,NA,NA,NA,NA,NA,NA,NA,NA,NA
"115","Cowichan","Drought Shelter Field",2,2,"A","5/23/2017","VALO",8,2,NA,0.4,0.0167551608191456,26.8804600592619,33,33,1,39,41,1,233,295,17,27,0,7,5,10,"7<x<12","7<x<12",NA,NA,"13.5","9","11.25",NA,NA,NA,NA,"#DIV/0!",NA,NA,NA,NA,NA,NA,NA,NA,NA,NA,NA
"116","Cowichan","Drought Shelter Field",2,2,"B","5/25/2017","VALO",6.33333333333333,1.55555555555556,NA,0.455555555555556,0.0247509953450002,24.6180129973158,34,34,0,21,21,9,233,295,17,27,NA,NA,1,10,"7<x<12","7<x<12",NA,NA,"13.9","14.4","14.15",NA,NA,NA,NA,"#DIV/0!",NA,NA,NA,NA,NA,NA,NA,NA,NA,NA,NA
"117","Cowichan","Drought Shelter Field",2,3,"A","5/23/2017","VALO",19.5,4,NA,1,0.261799387799149,42.7485486069299,35,35,1,21,23,1,147,188,15,16,0,4,5,8,"7<x<12","7<x<12",NA,NA,"13.5","13","13.25",NA,NA,NA,NA,"#DIV/0!",NA,NA,NA,NA,NA,NA,NA,NA,NA,NA,NA
"118","Cowichan","Drought Shelter Field",2,3,"B","5/25/2017","VALO",NA,NA,NA,NA,NA,NA,36,36,0,18,18,0,147,188,15,16,NA,NA,1,8,">12",">12",NA,NA,"13.5","14.4","13.95",NA,NA,"23.8","25.2","24.5",NA,NA,NA,NA,NA,NA,NA,NA,NA,NA,NA
"119","Cowichan","Drought Shelter Field",3,1,"A","5/23/2017","VALO",13.6111111111111,1.77777777777778,NA,0.722222222222222,0.0986236719812639,33.2364117840075,37,37,1,24,26,9,284,310,97,123,10,12,0,2,"7<x<12","7<x<12",NA,NA,"15.4","11","13.2",NA,NA,NA,NA,"#DIV/0!",NA,NA,NA,NA,NA,NA,NA,NA,NA,NA,NA
"120","Cowichan","Drought Shelter Field",3,1,"B","5/25/2017","VALO",19.45,4.2,NA,0.79,0.129077308361105,42.3033713550121,38,38,0,0,0,17,284,310,97,123,NA,NA,0,2,"7<x<12","7<x<12",NA,NA,"13.9","13.5","13.7",NA,NA,NA,NA,"#DIV/0!",NA,NA,NA,NA,NA,NA,NA,NA,NA,NA,NA
"121","Cowichan","Drought Shelter Field",3,2,"A","5/23/2017","VALO",12.5,2,NA,0.75,0.110446616727766,32.2842722677606,39,39,1,17,19,2,150,171,19,21,0,8,1,3,">12",">12",NA,NA,"17.9","16.4","17.15",NA,NA,"25.2","25.2","25.2",NA,NA,NA,NA,NA,NA,NA,NA,NA,NA,NA
"122","Cowichan","Drought Shelter Field",3,2,"B","5/25/2017","VALO",NA,NA,NA,NA,NA,NA,40,40,0,2,2,0,150,171,19,21,NA,NA,0,3,">12",">12",NA,NA,"17.9","23.8","20.85",NA,NA,"28.7","26.7","27.7",NA,NA,NA,NA,NA,NA,NA,NA,NA,NA,NA
"123","Cowichan","Drought Shelter Field",3,3,"A","5/24/2017","VALO",NA,NA,NA,NA,NA,NA,41,41,1,25,27,0,288,322,4,5,0,3,2,5,"7<x<12","7<x<12",NA,NA,"16.4","17.9","17.15",NA,NA,NA,NA,"#DIV/0!",NA,NA,NA,NA,NA,NA,NA,NA,NA,NA,NA
"124","Cowichan","Drought Shelter Field",3,3,"B","5/25/2017","VALO",16,1,NA,0.8,0.134041286553165,35.2503915656656,42,42,0,7,7,1,288,322,4,5,NA,NA,0,5,">12","7<x<12",NA,NA,"18.9","15.9","17.4",NA,NA,"30.1",NA,"30.1",NA,NA,NA,NA,NA,NA,NA,NA,NA,NA,NA
"125","Cowichan","Drought Shelter Field",4,1,"A","5/24/2017","VALO",9.95,2.2,NA,0.71,0.0937008806865813,29.5878644318928,43,43,1,12,14,7,122,147,79,90,0,0,1,1,NA,NA,NA,NA,NA,NA,"#DIV/0!",NA,NA,NA,NA,"#DIV/0!",NA,NA,NA,NA,NA,NA,NA,NA,NA,NA,NA
"126","Cowichan","Drought Shelter Field",4,1,"B","5/25/2017","VALO",8.625,2.75,NA,0.525,0.0378831895376238,28.4297333270555,44,44,0,11,11,4,122,147,79,90,NA,NA,3,1,NA,NA,NA,NA,NA,NA,"#DIV/0!",NA,NA,NA,NA,"#DIV/0!",NA,NA,NA,NA,NA,NA,NA,NA,NA,NA,NA
"127","Cowichan","Drought Shelter Field",4,2,"A","5/24/2017","VALO",10.5,2,NA,0.7,0.0897971900151082,29.9763844643279,45,45,1,19,21,5,225,248,59,82,0,0,1,1,NA,NA,NA,NA,NA,NA,"#DIV/0!",NA,NA,NA,NA,"#DIV/0!",NA,NA,NA,NA,NA,NA,NA,NA,NA,NA,NA
"128","Cowichan","Drought Shelter Field",4,2,"B","5/25/2017","VALO",16.6,4,NA,1.06,0.311807259658992,39.7593934016954,46,46,0,2,2,18,225,248,59,82,NA,NA,0,1,NA,NA,NA,NA,NA,NA,"#DIV/0!",NA,NA,NA,NA,"#DIV/0!",NA,NA,NA,NA,NA,NA,NA,NA,NA,NA,NA
"129","Cowichan","Drought Shelter Field",4,3,"A","5/24/2017","VALO",10.375,2,NA,0.7875,0.12785576468948,30.0079867931776,47,47,1,10,12,12,95,115,65,83,0,0,5,7,NA,NA,NA,NA,NA,NA,"#DIV/0!",NA,NA,NA,NA,"#DIV/0!",NA,NA,NA,NA,NA,NA,NA,NA,NA,NA,NA
"130","Cowichan","Drought Shelter Field",4,3,"B","5/25/2017","VALO",11.5,2.83333333333333,NA,0.766666666666667,0.117974561161194,32.0573065249853,48,48,0,8,8,6,95,115,65,83,NA,NA,10,7,NA,NA,NA,NA,NA,NA,"#DIV/0!",NA,NA,NA,NA,"#DIV/0!",NA,NA,NA,NA,NA,NA,NA,NA,NA,NA,NA
"131","Cowichan","Drought Shelter Field",5,1,"A","5/31/2017","VALO",21.85,7.2,NA,1.17,0.419301302891159,49.3089785081802,49,49,0,0,0,16,7,7,80,105,NA,NA,20,25,">12",">12",">12",">12","14.9","14.9","14.9","11.5","14.9","20.3","21.3","20.8","26.4","23.3",NA,NA,NA,NA,NA,NA,NA,NA,NA
"132","Cowichan","Drought Shelter Field",5,1,"B","5/31/2017","VALO",19.6666666666667,6,NA,1.07777777777778,0.327760264280951,45.2612253572657,50,50,0,0,0,9,7,7,80,105,NA,NA,15,15,">12",">12",">12",">12","18.9","13.9","16.4","11.5","14.9","25.2","21.8","23.5","26.4","23.3",NA,NA,NA,NA,NA,NA,NA,NA,NA
"133","Cowichan","Drought Shelter Field",5,2,"A","5/31/2017","VALO",15.125,4,NA,1.075,0.325232561339796,38.1853775676462,51,51,0,0,0,7,2,2,20,32,NA,NA,2,50,">12",">12",">12",">12","8.5","5.6","7.05","11","7.6","16.9","13.5","15.2","23.3","10.5",NA,NA,NA,NA,NA,NA,NA,NA,NA
"134","Cowichan","Drought Shelter Field",5,2,"B","5/31/2017","VALO",19.6428571428571,8,NA,1.18571428571429,0.43642415904231,47.7537249262089,52,52,0,0,0,5,2,2,20,32,NA,NA,2,50,">12",">12",">12",">12","11","7.6","9.3","11","7.6","21.8","14.4","18.1","23.3","10.5",NA,NA,NA,NA,NA,NA,NA,NA,NA
"135","Cowichan","Drought Shelter Field",5,3,"A","5/31/2017","VALO",NA,NA,NA,NA,NA,NA,53,53,0,0,0,0,0,0,0,0,NA,NA,NA,NA,NA,NA,NA,NA,NA,NA,"#DIV/0!",NA,NA,NA,NA,"#DIV/0!",NA,NA,NA,NA,NA,NA,NA,NA,NA,NA,NA
"136","Cowichan","Drought Shelter Field",5,3,"B","5/31/2017","VALO",NA,NA,NA,NA,NA,NA,54,54,0,0,0,0,0,0,0,0,NA,NA,NA,NA,NA,NA,NA,NA,NA,NA,"#DIV/0!",NA,NA,NA,NA,"#DIV/0!",NA,NA,NA,NA,NA,NA,NA,NA,NA,NA,NA
"137","Cowichan","Drought Shelter Field",6,1,"A","5/31/2017","VALO",16.87,2.4,NA,0.68,0.0823181051044622,37.4063301000704,55,55,0,0,0,10,0,74,74,87,NA,NA,20,20,"<7",">12",">12",">12",NA,"17.9","17.9","23.3","38",NA,"26.7","26.7","59.1","34.6",NA,NA,NA,NA,NA,NA,NA,NA,NA
"138","Cowichan","Drought Shelter Field",6,1,"B","5/31/2017","VALO",16.5333333333333,6,NA,0.9,0.19085175370558,41.178282115857,56,56,0,0,0,3,0,74,74,87,NA,NA,5,20,">12","7<x<12",">12",">12","22.8","18.9","20.85","23.3","38","26.2",NA,"26.2","59.1","34.6",NA,NA,NA,NA,NA,NA,NA,NA,NA
"139","Cowichan","Drought Shelter Field",6,2,"A","5/31/2017","VALO",22.4,4,NA,1.3,0.575173254994731,47.3616005026079,57,57,0,0,0,1,0,0,3,4,NA,NA,40,75,"<7","7<x<12","7<x<12",">12",NA,"19.8","19.8","26.2","18.4",NA,NA,"#DIV/0!","36.5",NA,NA,NA,NA,NA,NA,NA,NA,NA,NA
"140","Cowichan","Drought Shelter Field",6,2,"B","5/31/2017","VALO",NA,NA,NA,NA,NA,NA,58,58,0,0,0,0,0,0,3,4,NA,NA,95,75,"<7","7<x<12","7<x<12",">12",NA,"15.9","15.9","26.2","18.4",NA,NA,"#DIV/0!","36.5",NA,NA,NA,NA,NA,NA,NA,NA,NA,NA
"141","Cowichan","Drought Shelter Field",6,3,"A","5/31/2017","VALO",NA,NA,NA,NA,NA,NA,59,59,0,7,7,0,31,52,0,0,NA,NA,1,3,">12",">12",">12",">12","17.4","17.4","17.4","18.4","15.4","22.8","27.2","25","24.7","23.8",NA,NA,NA,NA,NA,NA,NA,NA,NA
"142","Cowichan","Drought Shelter Field",6,3,"B","5/31/2017","VALO",NA,NA,NA,NA,NA,NA,60,60,0,14,14,0,31,52,0,0,NA,NA,1,3,">12",">12",">12",">12","14.4","13.9","14.15","18.4","15.4","20.3","27.2","23.75","24.7","23.8",NA,NA,NA,NA,NA,NA,NA,NA,NA
"143","Cowichan","Drought Shelter Field",7,1,"A","5/31/2017","VALO",16.5,4.4,NA,0.87,0.172395682263903,39.4322589773472,61,61,0,0,0,33,0,0,158,216,NA,NA,15,40,">12",">12",">12",">12","18.4","16.9","17.65","15.4","19.3","24.7","26.2","25.45","25.7","31.1",NA,NA,NA,NA,NA,NA,NA,NA,NA
"144","Cowichan","Drought Shelter Field",7,1,"B","5/31/2017","VALO",19.55,5.7,NA,1.03,0.286075259631601,44.6407066253172,62,62,0,0,0,25,0,0,158,216,NA,NA,75,40,">12",">12",">12",">12","18.9","17.4","18.15","15.4","19.3","25.7","31.1","28.4","25.7","31.1",NA,NA,NA,NA,NA,NA,NA,NA,NA
"145","Cowichan","Drought Shelter Field",7,2,"A","5/31/2017","VALO",18.25,4.4,NA,0.86,0.166519071405976,41.3446549393977,63,63,0,0,0,20,0,0,77,111,NA,NA,1,15,">12","<7`",">12",">12","19.3",NA,"19.3","17.4","16.4","30.1",NA,"30.1","22.8","25.7",NA,NA,NA,NA,NA,NA,NA,NA,NA
"146","Cowichan","Drought Shelter Field",7,2,"B","5/31/2017","VALO",21.55,5.4,NA,1.1,0.348454985160668,46.8300896055437,64,64,0,0,0,14,0,0,77,111,NA,NA,1,15,">12","<7",">12",">12","9",NA,"9","17.4","16.4","20.3",NA,"20.3","22.8","25.7",NA,NA,NA,NA,NA,NA,NA,NA,NA
"147","Cowichan","Drought Shelter Field",7,3,"A","5/31/2017","VALO",18.9,4,NA,1.05,0.30306551630099,42.2682779270947,65,65,0,0,0,46,6,6,78,130,NA,NA,5,50,"7<x<12",">12",">12",">12","14.4","15.9","15.15","9.5","19.8",NA,"26.7","26.7","15.9","26.7",NA,NA,NA,NA,NA,NA,NA,NA,NA
"148","Cowichan","Drought Shelter Field",7,3,"B","5/31/2017","VALO",14.9166666666667,3.66666666666667,NA,0.766666666666667,0.117974561161194,36.6895021434593,66,66,0,0,0,6,6,6,78,130,NA,NA,10,50,"<7",">12",">12",">12",NA,"10.5","10.5","9.5","19.8",NA,"22.3","22.3","15.9","26.7",NA,NA,NA,NA,NA,NA,NA,NA,NA
"149","Cowichan","Roadside",1,1,"A","5/24/2017","VALO",NA,NA,NA,NA,NA,NA,67,67,0,83,83,0,828,923,2,2,NA,NA,NA,NA,"7<x<12","<7","7<x<12","7<x<12","5.6",NA,"5.6","18.4","9",NA,NA,"#DIV/0!",NA,NA,NA,NA,NA,NA,NA,NA,NA,NA,NA
"150","Cowichan","Roadside",1,1,"B","5/24/2017","VALO",NA,NA,NA,NA,NA,NA,68,68,0,12,12,0,828,923,2,2,NA,NA,NA,NA,"<7","<7","7<x<12","7<x<12",NA,NA,"#DIV/0!","18.4","9",NA,NA,"#DIV/0!",NA,NA,NA,NA,NA,NA,NA,NA,NA,NA,NA
"151","Cowichan","Roadside",1,2,"A","5/24/2017","VALO",NA,NA,NA,NA,NA,NA,69,69,0,16,16,1,209,235,0,1,NA,NA,NA,NA,"7<x<12","7<x<12","<7","<7","13.9","13","13.45",NA,NA,NA,NA,"#DIV/0!",NA,NA,NA,NA,NA,NA,NA,NA,NA,NA,NA
"152","Cowichan","Roadside",1,2,"B","5/24/2017","VALO",NA,NA,NA,NA,NA,NA,70,70,0,10,10,0,209,235,0,1,NA,NA,NA,NA,"7<x<12","<7","<7","<7","19.3",NA,"19.3",NA,NA,NA,NA,"#DIV/0!",NA,NA,NA,NA,NA,NA,NA,NA,NA,NA,NA
"153","Cowichan","Roadside",1,3,"A","5/24/2017","VALO",NA,NA,NA,NA,NA,NA,71,71,0,32,32,0,698,777,0,0,NA,NA,NA,NA,"<7","<7","7<x<12","7<x<12",NA,NA,"#DIV/0!","13","8.1",NA,NA,"#DIV/0!",NA,NA,NA,NA,NA,NA,NA,NA,NA,NA,NA
"154","Cowichan","Roadside",1,3,"B","5/24/2017","VALO",NA,NA,NA,NA,NA,NA,72,72,0,47,47,0,698,777,0,0,NA,NA,NA,NA,"7<x<12","<7","7<x<12","7<x<12","13.5",NA,"13.5","13","8.1",NA,NA,"#DIV/0!",NA,NA,NA,NA,NA,NA,NA,NA,NA,NA,NA
"155","Cowichan","Roadside",2,1,"A","5/24/2017","VALO",12.5,1.9,NA,0.7,0.0897971900151082,32.0903294914701,73,73,0,0,0,18,0,0,82,114,NA,NA,NA,NA,"7<x<12","<7","7<x<12","7<x<12","17.4",NA,"17.4","14.4","18.4",NA,NA,"#DIV/0!",NA,NA,NA,NA,NA,NA,NA,NA,NA,NA,NA
"156","Cowichan","Roadside",2,1,"B","5/24/2017","VALO",7.85,1.8,NA,0.47,0.0271807978394711,26.5575525868166,74,74,0,0,0,14,0,0,82,114,NA,NA,NA,NA,"7<x<12","7<x<12","7<x<12","7<x<12","12","21.8","16.9","14.4","18.4",NA,NA,"#DIV/0!",NA,NA,NA,NA,NA,NA,NA,NA,NA,NA,NA
"157","Cowichan","Roadside",2,2,"A","5/24/2017","VALO",9.5,1.2,NA,0.5,0.0327249234748937,27.8002234889449,75,75,0,10,10,5,149,162,45,51,NA,NA,1,12,">12","7<x<12",">12","7<x<12","11.5","12","11.75","14.9","15.9","24.7",NA,"24.7","26.7",NA,NA,NA,NA,NA,NA,NA,NA,NA,NA
"158","Cowichan","Roadside",2,2,"B","5/24/2017","VALO",13,1.5,NA,0.3,0.00706858347057703,31.8678755945625,76,76,0,3,3,1,149,162,45,51,NA,NA,1,12,"7<x<12","7<x<12",">12","7<x<12","14.4","15.9","15.15","14.9","15.9",NA,NA,"#DIV/0!","26.7",NA,NA,NA,NA,NA,NA,NA,NA,NA,NA
"159","Cowichan","Roadside",2,3,"A","5/24/2017","VALO",7,1,NA,0.6,0.0565486677646163,24.9338498421052,77,77,0,27,27,1,423,495,2,3,NA,NA,1,5,">12",">12","7<x<12","7<x<12","14.4","13.9","14.15","12","12.5","18.4","18.9","18.65",NA,NA,NA,NA,NA,NA,NA,NA,NA,NA,NA
"160","Cowichan","Roadside",2,3,"B","5/24/2017","VALO",NA,NA,NA,NA,NA,NA,78,78,0,45,45,0,423,495,2,3,NA,NA,1,5,"7<x<12","7<x<12","7<x<12","7<x<12","12.5","10","11.25","12","12.5",NA,NA,"#DIV/0!",NA,NA,NA,NA,NA,NA,NA,NA,NA,NA,NA
"161","Cowichan","Roadside",3,1,"A","5/24/2017","VALO",10.35,2.2,NA,0.74,0.106087395121523,30.0863395887333,79,79,0,0,0,34,0,0,147,188,NA,NA,1,5,"7<x<12","7<x<12",">12","7<x<12","17.9","14.9","16.4","21.8","17.4",NA,NA,"#DIV/0!","28.2",NA,NA,NA,NA,NA,NA,NA,NA,NA,NA
"162","Cowichan","Roadside",3,1,"B","5/24/2017","VALO",6,1.57142857142857,NA,0.328571428571429,0.00928662726341764,24.1957741065126,80,80,0,0,0,7,0,0,147,188,NA,NA,15,5,">12","7<x<12",">12","7<x<12","13.9","13","13.45","21.8","17.4",NA,"26.2","26.2","28.2",NA,NA,NA,NA,NA,NA,NA,NA,NA,NA
"163","Cowichan","Roadside",3,2,"A","5/24/2017","VALO",9.85,1.8,NA,0.65,0.0718966568743414,28.9729895475086,81,81,0,0,0,11,0,0,54,65,NA,NA,2,3,">12","<7","7<x<12","7<x<12","14.4",NA,"14.4","13.5","16.9","17.9",NA,"17.9",NA,NA,NA,NA,NA,NA,NA,NA,NA,NA,NA
"164","Cowichan","Roadside",3,2,"B","5/24/2017","VALO",NA,NA,NA,NA,NA,NA,82,82,0,0,0,0,0,0,54,65,NA,NA,20,3,"<7","<7","7<x<12","7<x<12",NA,NA,"#DIV/0!","13.5","16.9",NA,NA,"#DIV/0!",NA,NA,NA,NA,NA,NA,NA,NA,NA,NA,NA
"165","Cowichan","Roadside",3,3,"A","5/24/2017","VALO",5,1,NA,0.4,0.0167551608191456,22.5404101102446,83,83,0,0,0,1,1,1,33,34,NA,NA,1,7,"7<x<12","7<x<12",">12","7<x<12","10.5","14.4","12.45","19","19.3",NA,NA,"#DIV/0!","28.2",NA,NA,NA,NA,NA,NA,NA,NA,NA,NA
"166","Cowichan","Roadside",3,3,"B","5/24/2017","VALO",NA,NA,NA,NA,NA,NA,84,84,0,0,0,0,1,1,33,34,NA,NA,10,7,"7<x<12","7<x<12",">12","7<x<12","14.4","15.9","15.15","19","19.3",NA,NA,"#DIV/0!",NA,NA,NA,NA,NA,NA,NA,NA,NA,NA,NA
"167","Stony Hill",NA,1,1,"A","6/7/2017","VALO",NA,NA,NA,NA,NA,NA,115,115,0,16,16,0,259,293,0,0,NA,NA,0,1,">12",">12",">12",">12","12","11","11.5","7.6","14.9","18.9","17.4","18.15","14.4","20.3",NA,NA,NA,NA,NA,NA,NA,NA,NA
"168","Stony Hill",NA,1,1,"B","6/7/2017","VALO",NA,NA,NA,NA,NA,NA,116,116,0,18,18,0,259,293,0,0,NA,NA,0,1,">12",">12",">12",">12","9","12","10.5","7.6","14.9","17.4","17.4","17.4","14.4","20.3",NA,NA,NA,NA,NA,NA,NA,NA,NA
"169","Stony Hill",NA,1,2,"A","6/7/2017","VALO",NA,NA,NA,NA,NA,NA,117,117,0,26,26,0,437,485,0,0,NA,NA,1,1,"<7","<7","<7","<7",NA,NA,"#DIV/0!",NA,NA,NA,NA,"#DIV/0!",NA,NA,NA,NA,NA,NA,NA,NA,NA,NA,NA
"170","Stony Hill",NA,1,2,"B","6/7/2017","VALO",NA,NA,NA,NA,NA,NA,118,118,0,22,22,0,437,485,0,0,NA,NA,1,1,"<7",">12","<7","<7",NA,"11","11",NA,NA,NA,"20.3","20.3",NA,NA,NA,NA,NA,NA,NA,NA,NA,NA,NA
"171","Stony Hill",NA,1,3,"A","6/7/2017","VALO",NA,NA,NA,NA,NA,NA,119,119,0,22,22,0,254,334,0,0,NA,NA,0,1,"<7","<7","<7","<7",NA,NA,"#DIV/0!",NA,NA,NA,NA,"#DIV/0!",NA,NA,NA,NA,NA,NA,NA,NA,NA,NA,NA
"172","Stony Hill",NA,1,3,"B","6/7/2017","VALO",NA,NA,NA,NA,NA,NA,120,120,0,58,58,0,254,334,0,0,NA,NA,0,1,"<7","<7","<7","<7",NA,NA,"#DIV/0!",NA,NA,NA,NA,"#DIV/0!",NA,NA,NA,NA,NA,NA,NA,NA,NA,NA,NA
"173","Stony Hill",NA,2,1,"A","6/7/2017","VALO",NA,NA,NA,NA,NA,NA,121,121,0,19,19,0,154,186,0,0,NA,NA,1,2,"<7","<7","<7","<7",NA,NA,"#DIV/0!",NA,NA,NA,NA,"#DIV/0!",NA,NA,NA,NA,NA,NA,NA,NA,NA,NA,NA
"174","Stony Hill",NA,2,1,"B","6/7/2017","VALO",NA,NA,NA,NA,NA,NA,122,122,0,13,13,0,154,186,0,0,NA,NA,1,2,"<7","<7","<7","<7",NA,NA,"#DIV/0!",NA,NA,NA,NA,"#DIV/0!",NA,NA,NA,NA,NA,NA,NA,NA,NA,NA,NA
"175","Stony Hill",NA,2,2,"A","6/7/2017","VALO",NA,NA,NA,NA,NA,NA,123,123,0,26,26,0,454,501,0,0,NA,NA,1,2,"<7","<7","<7","<7",NA,NA,"#DIV/0!",NA,NA,NA,NA,"#DIV/0!",NA,NA,NA,NA,NA,NA,NA,NA,NA,NA,NA
"176","Stony Hill",NA,2,2,"B","6/7/2017","VALO",NA,NA,NA,NA,NA,NA,124,124,0,21,21,0,454,501,0,0,NA,NA,0,2,"<7","<7","<7","<7",NA,NA,"#DIV/0!",NA,NA,NA,NA,"#DIV/0!",NA,NA,NA,NA,NA,NA,NA,NA,NA,NA,NA
"177","Stony Hill",NA,2,3,"A","6/7/2017","VALO",NA,NA,NA,NA,NA,NA,125,125,0,0,0,0,30,38,0,0,NA,NA,0,2,"<7","<7","<7","<7",NA,NA,"#DIV/0!",NA,NA,NA,NA,"#DIV/0!",NA,NA,NA,NA,NA,NA,NA,NA,NA,NA,NA
"178","Stony Hill",NA,2,3,"B","6/7/2017","VALO",NA,NA,NA,NA,NA,NA,126,126,0,8,8,0,30,38,0,0,NA,NA,1,2,"<7","<7","<7","<7",NA,NA,"#DIV/0!",NA,NA,NA,NA,"#DIV/0!",NA,NA,NA,NA,NA,NA,NA,NA,NA,NA,NA
"179","Stony Hill",NA,3,1,"A","6/7/2017","VALO",22.8571428571429,5.42857142857143,NA,1.14285714285714,0.390790922895523,48.4963876726727,127,127,0,0,0,7,0,0,9,21,NA,NA,0,5,"<7","<7","<7","<7",NA,NA,"#DIV/0!",NA,NA,NA,NA,"#DIV/0!",NA,NA,NA,NA,NA,NA,NA,NA,NA,NA,NA
"180","Stony Hill",NA,3,1,"B","6/7/2017","VALO",14.5,2.4,NA,1.02,0.27782360472756,35.6545175597239,128,128,0,0,0,5,0,0,9,21,NA,NA,1,5,"<7","<7","<7","<7",NA,NA,"#DIV/0!",NA,NA,NA,NA,"#DIV/0!",NA,NA,NA,NA,NA,NA,NA,NA,NA,NA,NA
"181","Stony Hill",NA,3,2,"A","6/7/2017","VALO",11,2.66666666666667,NA,0.583333333333333,0.0519659664439284,31.0389826842195,129,129,0,18,18,6,171,217,9,16,NA,NA,1,1,"<7","<7","<7","<7",NA,NA,"#DIV/0!",NA,NA,NA,NA,"#DIV/0!",NA,NA,NA,NA,NA,NA,NA,NA,NA,NA,NA
"182","Stony Hill",NA,3,2,"B","6/7/2017","VALO",9.5,2,NA,0.7,0.0897971900151082,28.8685801069175,130,130,0,28,28,1,171,217,9,16,NA,NA,1,1,"<7","<7","<7","<7",NA,NA,"#DIV/0!",NA,NA,NA,NA,"#DIV/0!",NA,NA,NA,NA,NA,NA,NA,NA,NA,NA,NA
"183","Stony Hill",NA,3,3,"A","6/7/2017","VALO",NA,NA,NA,NA,NA,NA,131,131,0,20,20,0,68,100,7,7,NA,NA,10,5,"<7","<7","<7","<7",NA,NA,"#DIV/0!",NA,NA,NA,NA,"#DIV/0!",NA,NA,NA,NA,NA,NA,NA,NA,NA,NA,NA
"184","Stony Hill",NA,3,3,"B","6/7/2017","VALO",NA,NA,NA,NA,NA,NA,132,132,0,12,12,0,68,100,7,7,NA,NA,1,5,"<7","<7","<7","<7",NA,NA,"#DIV/0!",NA,NA,NA,NA,"#DIV/0!",NA,NA,NA,NA,NA,NA,NA,NA,NA,NA,NA
"185","Stony Hill",NA,4,1,"A","6/7/2017","VALO",10.25,3.8,NA,0.81,0.139130928451368,31.7498445866243,133,133,0,0,0,10,0,0,19,35,NA,NA,1,1,"<7","<7","<7","<7",NA,NA,"#DIV/0!",NA,NA,NA,NA,"#DIV/0!",NA,NA,NA,NA,NA,NA,NA,NA,NA,NA,NA
"186","Stony Hill",NA,4,1,"B","6/7/2017","VALO",9,2.16666666666667,NA,0.65,0.0718966568743414,28.4041226985313,134,134,0,0,0,6,0,0,19,35,NA,NA,1,1,"<7","<7","<7","<7",NA,NA,"#DIV/0!",NA,NA,NA,NA,"#DIV/0!",NA,NA,NA,NA,NA,NA,NA,NA,NA,NA,NA
"187","Stony Hill",NA,4,2,"A","6/7/2017","VALO",14.65,2.9,NA,0.83,0.149693486551512,35.7564130057377,135,135,0,1,1,10,76,78,3,13,NA,NA,10,3,"<7","<7","<7","<7",NA,NA,"#DIV/0!",NA,NA,NA,NA,"#DIV/0!",NA,NA,NA,NA,NA,NA,NA,NA,NA,NA,NA
"188","Stony Hill",NA,4,2,"B","6/7/2017","VALO",NA,NA,NA,NA,NA,NA,136,136,0,1,1,0,76,78,3,13,NA,NA,2,3,"<7","<7","<7","<7",NA,NA,"#DIV/0!",NA,NA,NA,NA,"#DIV/0!",NA,NA,NA,NA,NA,NA,NA,NA,NA,NA,NA
"189","Stony Hill",NA,4,3,"A","6/7/2017","VALO",NA,NA,NA,NA,NA,NA,137,137,0,0,0,0,0,11,0,1,NA,NA,25,20,"<7","<7","<7","<7",NA,NA,"#DIV/0!",NA,NA,NA,NA,"#DIV/0!",NA,NA,NA,NA,NA,NA,NA,NA,NA,NA,NA
"190","Stony Hill",NA,4,3,"B","6/7/2017","VALO",23,2,NA,1.2,0.45238934211693,45.4443070806423,138,138,0,11,11,1,1,11,0,1,NA,NA,25,20,"<7","<7","<7","<7",NA,NA,"#DIV/0!",NA,NA,NA,NA,"#DIV/0!",NA,NA,NA,NA,NA,NA,NA,NA,NA,NA,NA
"191","Thetis",NA,1,1,"A","6/1/2017","VALO",NA,NA,NA,NA,NA,NA,85,85,0,12,12,0,112,134,0,0,NA,NA,1,1,"<7","<7","<7","<7",NA,NA,"#DIV/0!",NA,NA,NA,NA,"#DIV/0!",NA,NA,NA,NA,NA,NA,NA,NA,NA,NA,NA
"192","Thetis",NA,1,1,"B","6/1/2017","VALO",NA,NA,NA,NA,NA,NA,86,86,0,10,10,0,112,134,0,0,NA,NA,1,1,"<7","<7","<7","<7",NA,NA,"#DIV/0!",NA,NA,NA,NA,"#DIV/0!",NA,NA,NA,NA,NA,NA,NA,NA,NA,NA,NA
"193","Thetis",NA,1,2,"A","6/1/2017","VALO",NA,NA,NA,NA,NA,NA,87,87,0,15,15,0,105,154,0,0,NA,NA,1,1,"<7","<7","<7","<7",NA,NA,"#DIV/0!",NA,NA,NA,NA,"#DIV/0!",NA,NA,NA,NA,NA,NA,NA,NA,NA,NA,NA
"194","Thetis",NA,1,2,"B","6/1/2017","VALO",NA,NA,NA,NA,NA,NA,88,88,0,34,34,0,105,154,0,0,NA,NA,1,1,"<7","<7","<7","<7",NA,NA,"#DIV/0!",NA,NA,NA,NA,"#DIV/0!",NA,NA,NA,NA,NA,NA,NA,NA,NA,NA,NA
"195","Thetis",NA,1,3,"A","6/1/2017","VALO",NA,NA,NA,NA,NA,NA,89,89,0,10,10,0,59,76,0,0,NA,NA,1,1,"<7","<7","<7","<7",NA,NA,"#DIV/0!",NA,NA,NA,NA,"#DIV/0!",NA,NA,NA,NA,NA,NA,NA,NA,NA,NA,NA
"196","Thetis",NA,1,3,"B","6/1/2017","VALO",NA,NA,NA,NA,NA,NA,90,90,0,7,7,0,59,76,0,0,NA,NA,1,1,"<7","<7","<7","<7",NA,NA,"#DIV/0!",NA,NA,NA,NA,"#DIV/0!",NA,NA,NA,NA,NA,NA,NA,NA,NA,NA,NA
"197","Thetis",NA,2,1,"A","6/1/2017","VALO",NA,NA,NA,NA,NA,NA,91,91,0,11,11,0,118,142,0,0,NA,NA,1,2,"<7","<7","<7","<7",NA,NA,"#DIV/0!",NA,NA,NA,NA,"#DIV/0!",NA,NA,NA,NA,NA,NA,NA,NA,NA,NA,NA
"198","Thetis",NA,2,1,"B","6/1/2017","VALO",NA,NA,NA,NA,NA,NA,92,92,0,13,13,0,118,142,0,0,NA,NA,10,2,"7<x<12","7<x<12","<7","<7","15.9","19.3","17.6",NA,NA,NA,NA,"#DIV/0!",NA,NA,NA,NA,NA,NA,NA,NA,NA,NA,NA
"199","Thetis",NA,2,2,"A","6/1/2017","VALO",NA,NA,NA,NA,NA,NA,93,93,0,13,13,0,6,26,0,0,NA,NA,1,1,"<7","<7","<7","<7",NA,NA,"#DIV/0!",NA,NA,NA,NA,"#DIV/0!",NA,NA,NA,NA,NA,NA,NA,NA,NA,NA,NA
"200","Thetis",NA,2,2,"B","6/1/2017","VALO",NA,NA,NA,NA,NA,NA,94,94,0,7,7,0,63,26,0,0,NA,NA,1,1,"<7","<7","<7","<7",NA,NA,"#DIV/0!",NA,NA,NA,NA,"#DIV/0!",NA,NA,NA,NA,NA,NA,NA,NA,NA,NA,NA
"201","Thetis",NA,2,3,"A","6/1/2017","VALO",NA,NA,NA,NA,NA,NA,95,95,0,14,14,0,35,52,0,0,NA,NA,0,1,"<7","<7","<7","<7",NA,NA,"#DIV/0!",NA,NA,NA,NA,"#DIV/0!",NA,NA,NA,NA,NA,NA,NA,NA,NA,NA,NA
"202","Thetis",NA,2,3,"B","6/1/2017","VALO",NA,NA,NA,NA,NA,NA,96,96,0,3,3,0,35,52,0,0,NA,NA,1,1,"<7","<7","<7","<7",NA,NA,"#DIV/0!",NA,NA,NA,NA,"#DIV/0!",NA,NA,NA,NA,NA,NA,NA,NA,NA,NA,NA
"203","Thetis",NA,3,1,"A","6/1/2017","VALO",NA,NA,NA,NA,NA,NA,97,97,0,59,59,0,375,444,0,0,NA,NA,1,7,"<7","<7","<7","<7",NA,NA,"#DIV/0!",NA,NA,NA,NA,"#DIV/0!",NA,NA,NA,NA,NA,NA,NA,NA,NA,NA,NA
"204","Thetis",NA,3,1,"B","6/1/2017","VALO",NA,NA,NA,NA,NA,NA,98,98,0,10,10,0,375,444,0,0,NA,NA,5,7,"<7","7<x<12","<7","<7",NA,"16.9","16.9",NA,NA,NA,NA,"#DIV/0!",NA,NA,NA,NA,NA,NA,NA,NA,NA,NA,NA
"205","Thetis",NA,3,2,"A","6/1/2017","VALO",NA,NA,NA,NA,NA,NA,99,99,0,9,9,0,101,120,0,0,NA,NA,1,1,"<7","<7","<7","<7",NA,NA,"#DIV/0!",NA,NA,NA,NA,"#DIV/0!",NA,NA,NA,NA,NA,NA,NA,NA,NA,NA,NA
"206","Thetis",NA,3,2,"B","6/1/2017","VALO",NA,NA,NA,NA,NA,NA,100,100,0,10,10,0,101,120,0,0,NA,NA,1,7,"<7","<7","<7","<7",NA,NA,"#DIV/0!",NA,NA,NA,NA,"#DIV/0!",NA,NA,NA,NA,NA,NA,NA,NA,NA,NA,NA
"207","Thetis",NA,3,3,"A","6/1/2017","VALO",NA,NA,NA,NA,NA,NA,101,101,0,20,20,0,193,225,0,0,NA,NA,1,1,"<7","<7","<7","<7",NA,NA,"#DIV/0!",NA,NA,NA,NA,"#DIV/0!",NA,NA,NA,NA,NA,NA,NA,NA,NA,NA,NA
"208","Thetis",NA,3,3,"B","6/1/2017","VALO",NA,NA,NA,NA,NA,NA,102,102,0,12,12,0,193,225,0,0,NA,NA,1,1,"<7","<7","<7","<7",NA,NA,"#DIV/0!",NA,NA,NA,NA,"#DIV/0!",NA,NA,NA,NA,NA,NA,NA,NA,NA,NA,NA
"209","Thetis",NA,4,1,"A","6/6/2017","VALO",NA,NA,NA,NA,NA,NA,103,103,0,32,32,0,275,344,0,0,NA,NA,0,1,"<7","<7","<7","<7",NA,NA,"#DIV/0!",NA,NA,NA,NA,"#DIV/0!",NA,NA,NA,NA,NA,NA,NA,"Plectritis, Rumex, Hypochaeris, Montia, Cerastium glomeratum",5,"Plectritis, Rumex, Hypochaeris, Montia, Cerastium glomeratum, Fragaria, Sedum, Anthoxanthum, Carex",9
"210","Thetis",NA,4,1,"B","6/6/2017","VALO",NA,NA,NA,NA,NA,NA,104,104,0,37,37,0,275,344,0,0,NA,NA,1,1,"<7","<7","<7","<7",NA,NA,"#DIV/0!",NA,NA,NA,NA,"#DIV/0!",NA,NA,NA,NA,NA,NA,NA,"Plectitis, Montia, Hypochaeris, Anthoxanthum, Fragaria, Sedum",6,"Plectritis, Rumex, Hypochaeris, Montia, Cerastium glomeratum, Fragaria, Sedum, Anthoxanthum, Carex",9
"211","Thetis",NA,4,2,"A","6/6/2017","VALO",NA,NA,NA,NA,NA,NA,105,105,0,23,23,0,213,258,0,0,NA,NA,1,2,"<7","<7","<7","<7",NA,NA,"#DIV/0!",NA,NA,NA,NA,"#DIV/0!",NA,NA,NA,NA,NA,NA,NA,"Plectritis, Montia, Anthoxanthum, Rumex, Cerastium glomeratum, Sedum, Hypochaeris",7,"Plectritis, Montia, Anthoxanthum, Rumex, Cerastium glomeratum, Sedum, Hypochaeris, Mellica",9
"212","Thetis",NA,4,2,"B","6/6/2017","VALO",NA,NA,NA,NA,NA,NA,106,106,0,22,22,0,213,258,0,0,NA,NA,5,2,"<7","<7","<7","<7",NA,NA,"#DIV/0!",NA,NA,NA,NA,"#DIV/0!",NA,NA,NA,NA,NA,NA,NA,"Plectritis, Hypochaeris, Montia Sedum, Anthoxanthum, Rumex, Mellica, Cerastium glomeratum",8,"Plectritis, Montia, Anthoxanthum, Rumex, Cerastium glomeratum, Sedum, Hypochaeris, Mellica",9
"213","Thetis",NA,4,3,"A","6/6/2017","VALO",NA,NA,NA,NA,NA,NA,107,107,0,13,13,0,113,140,0,0,NA,NA,1,3,"<7","<7","<7","<7",NA,NA,"#DIV/0!",NA,NA,NA,NA,"#DIV/0!",NA,NA,NA,NA,NA,NA,NA,"Plectritis, Anthoxanthum, Sedum, Montia, Chrysanthemum",5,"Plectritis, Anthoxanthum, Sedum, Montia, Chrysanthemum, Mellica",6
"214","Thetis",NA,4,3,"B","6/6/2017","VALO",NA,NA,NA,NA,NA,NA,108,108,0,14,14,0,113,140,0,0,NA,NA,3,3,"<7","<7","<7","<7",NA,NA,"#DIV/0!",NA,NA,NA,NA,"#DIV/0!",NA,NA,NA,NA,NA,NA,NA,"Plectritis, Montia, Sedum, Mellica, Cerastium glomeratum",5,"Plectritis, Anthoxanthum, Sedum, Montia, Chrysanthemum, Mellica",6
"215","Thetis",NA,5,1,"A","6/6/2017","VALO",NA,NA,NA,NA,NA,NA,109,109,0,8,8,0,80,97,0,0,NA,NA,2,2,"<7","<7","<7","<7",NA,NA,"#DIV/0!",NA,NA,NA,NA,"#DIV/0!",NA,NA,NA,NA,NA,NA,NA,NA,NA,NA,NA
"216","Thetis",NA,5,1,"B","6/6/2017","VALO",NA,NA,NA,NA,NA,NA,110,110,0,9,9,0,80,97,0,0,NA,NA,2,2,"<7","<7","<7","<7",NA,NA,"#DIV/0!",NA,NA,NA,NA,"#DIV/0!",NA,NA,NA,NA,NA,NA,NA,NA,NA,NA,NA
"217","Thetis",NA,5,2,"A","6/6/2017","VALO",NA,NA,NA,NA,NA,NA,111,111,0,14,14,0,146,166,0,0,NA,NA,0,2,"<7","<7","<7","<7",NA,NA,"#DIV/0!",NA,NA,NA,NA,"#DIV/0!",NA,NA,NA,NA,NA,NA,NA,NA,NA,NA,NA
"218","Thetis",NA,5,2,"B","6/6/2017","VALO",NA,NA,NA,NA,NA,NA,112,112,0,6,6,0,146,166,0,0,NA,NA,1,2,"<7","<7","<7","<7",NA,NA,"#DIV/0!",NA,NA,NA,NA,"#DIV/0!",NA,NA,NA,NA,NA,NA,NA,NA,NA,NA,NA
"219","Thetis",NA,5,3,"A","6/6/2017","VALO",NA,NA,NA,NA,NA,NA,113,113,0,1,1,0,38,46,0,0,NA,NA,1,2,"<7","<7","<7","<7",NA,NA,"#DIV/0!",NA,NA,NA,NA,"#DIV/0!",NA,NA,NA,NA,NA,NA,NA,NA,NA,NA,NA
"220","Thetis",NA,5,3,"B","6/6/2017","VALO",NA,NA,NA,NA,NA,NA,114,114,0,7,7,0,38,46,0,0,NA,NA,1,2,"<7","<7","<7","<7",NA,NA,"#DIV/0!",NA,NA,NA,NA,"#DIV/0!",NA,NA,NA,NA,NA,NA,NA,NA,NA,NA,NA
